# Subdivided icosahedron (geodesic sphere), radius 1, 5120 triangles.
# Generated for the DRT mesh tests; plain OBJ v/f only.
v -0.525731 0.850651 0.000000
v 0.525731 0.850651 0.000000
v -0.525731 -0.850651 0.000000
v 0.525731 -0.850651 0.000000
v 0.000000 -0.525731 0.850651
v 0.000000 0.525731 0.850651
v 0.000000 -0.525731 -0.850651
v 0.000000 0.525731 -0.850651
v 0.850651 0.000000 -0.525731
v 0.850651 0.000000 0.525731
v -0.850651 0.000000 -0.525731
v -0.850651 0.000000 0.525731
v -0.688191 0.425325 0.262866
v -0.425325 0.262866 0.688191
v -0.262866 0.688191 0.425325
v -0.606961 0.637988 0.131433
v -0.475528 0.556758 0.344095
v -0.394298 0.769421 0.212663
v -0.769421 0.212663 0.394298
v -0.637988 0.131433 0.606961
v -0.556758 0.344095 0.475528
v -0.344095 0.475528 0.556758
v -0.212663 0.394298 0.769421
v -0.131433 0.606961 0.637988
v -0.556758 0.344095 0.475528
v -0.344095 0.475528 0.556758
v -0.475528 0.556758 0.344095
v -0.262866 0.688191 0.425325
v 0.262866 0.688191 0.425325
v 0.000000 0.850651 0.000000
v -0.394298 0.769421 0.212663
v -0.131433 0.769421 0.212663
v -0.262866 0.850651 0.000000
v -0.131433 0.606961 0.637988
v 0.131433 0.606961 0.637988
v 0.000000 0.688191 0.425325
v 0.131433 0.769421 0.212663
v 0.394298 0.769421 0.212663
v 0.262866 0.850651 0.000000
v 0.000000 0.688191 0.425325
v 0.131433 0.769421 0.212663
v -0.131433 0.769421 0.212663
v 0.000000 0.850651 0.000000
v 0.262866 0.688191 -0.425325
v -0.262866 0.688191 -0.425325
v -0.262866 0.850651 0.000000
v -0.131433 0.769421 -0.212663
v -0.394298 0.769421 -0.212663
v 0.262866 0.850651 0.000000
v 0.394298 0.769421 -0.212663
v 0.131433 0.769421 -0.212663
v 0.000000 0.688191 -0.425325
v 0.131433 0.606961 -0.637988
v -0.131433 0.606961 -0.637988
v 0.131433 0.769421 -0.212663
v 0.000000 0.688191 -0.425325
v -0.131433 0.769421 -0.212663
v -0.262866 0.688191 -0.425325
v -0.425325 0.262866 -0.688191
v -0.688191 0.425325 -0.262866
v -0.394298 0.769421 -0.212663
v -0.475528 0.556758 -0.344095
v -0.606961 0.637988 -0.131433
v -0.131433 0.606961 -0.637988
v -0.212663 0.394298 -0.769421
v -0.344095 0.475528 -0.556758
v -0.556758 0.344095 -0.475528
v -0.637988 0.131433 -0.606961
v -0.769421 0.212663 -0.394298
v -0.344095 0.475528 -0.556758
v -0.556758 0.344095 -0.475528
v -0.475528 0.556758 -0.344095
v -0.688191 0.425325 -0.262866
v -0.850651 0.000000 0.000000
v -0.688191 0.425325 0.262866
v -0.606961 0.637988 -0.131433
v -0.688191 0.425325 0.000000
v -0.606961 0.637988 0.131433
v -0.769421 0.212663 -0.394298
v -0.850651 0.000000 -0.262866
v -0.769421 0.212663 -0.131433
v -0.769421 0.212663 0.131433
v -0.850651 0.000000 0.262866
v -0.769421 0.212663 0.394298
v -0.769421 0.212663 -0.131433
v -0.769421 0.212663 0.131433
v -0.688191 0.425325 0.000000
v 0.262866 0.688191 0.425325
v 0.425325 0.262866 0.688191
v 0.688191 0.425325 0.262866
v 0.394298 0.769421 0.212663
v 0.475528 0.556758 0.344095
v 0.606961 0.637988 0.131433
v 0.131433 0.606961 0.637988
v 0.212663 0.394298 0.769421
v 0.344095 0.475528 0.556758
v 0.556758 0.344095 0.475528
v 0.637988 0.131433 0.606961
v 0.769421 0.212663 0.394298
v 0.344095 0.475528 0.556758
v 0.556758 0.344095 0.475528
v 0.475528 0.556758 0.344095
v -0.425325 0.262866 0.688191
v -0.425325 -0.262866 0.688191
v 0.000000 0.000000 0.850651
v -0.212663 0.394298 0.769421
v -0.212663 0.131433 0.769421
v 0.000000 0.262866 0.850651
v -0.637988 0.131433 0.606961
v -0.637988 -0.131433 0.606961
v -0.425325 0.000000 0.688191
v -0.212663 -0.131433 0.769421
v -0.212663 -0.394298 0.769421
v 0.000000 -0.262866 0.850651
v -0.425325 0.000000 0.688191
v -0.212663 -0.131433 0.769421
v -0.212663 0.131433 0.769421
v -0.850651 0.000000 0.000000
v -0.688191 -0.425325 -0.262866
v -0.688191 -0.425325 0.262866
v -0.850651 0.000000 0.262866
v -0.769421 -0.212663 0.131433
v -0.769421 -0.212663 0.394298
v -0.850651 0.000000 -0.262866
v -0.769421 -0.212663 -0.394298
v -0.769421 -0.212663 -0.131433
v -0.688191 -0.425325 0.000000
v -0.606961 -0.637988 -0.131433
v -0.606961 -0.637988 0.131433
v -0.769421 -0.212663 -0.131433
v -0.688191 -0.425325 0.000000
v -0.769421 -0.212663 0.131433
v -0.425325 0.262866 -0.688191
v 0.000000 0.000000 -0.850651
v -0.425325 -0.262866 -0.688191
v -0.637988 0.131433 -0.606961
v -0.425325 0.000000 -0.688191
v -0.637988 -0.131433 -0.606961
v -0.212663 0.394298 -0.769421
v 0.000000 0.262866 -0.850651
v -0.212663 0.131433 -0.769421
v -0.212663 -0.131433 -0.769421
v 0.000000 -0.262866 -0.850651
v -0.212663 -0.394298 -0.769421
v -0.212663 0.131433 -0.769421
v -0.212663 -0.131433 -0.769421
v -0.425325 0.000000 -0.688191
v 0.262866 0.688191 -0.425325
v 0.688191 0.425325 -0.262866
v 0.425325 0.262866 -0.688191
v 0.131433 0.606961 -0.637988
v 0.344095 0.475528 -0.556758
v 0.212663 0.394298 -0.769421
v 0.394298 0.769421 -0.212663
v 0.606961 0.637988 -0.131433
v 0.475528 0.556758 -0.344095
v 0.556758 0.344095 -0.475528
v 0.769421 0.212663 -0.394298
v 0.637988 0.131433 -0.606961
v 0.475528 0.556758 -0.344095
v 0.556758 0.344095 -0.475528
v 0.344095 0.475528 -0.556758
v 0.688191 -0.425325 0.262866
v 0.425325 -0.262866 0.688191
v 0.262866 -0.688191 0.425325
v 0.606961 -0.637988 0.131433
v 0.475528 -0.556758 0.344095
v 0.394298 -0.769421 0.212663
v 0.769421 -0.212663 0.394298
v 0.637988 -0.131433 0.606961
v 0.556758 -0.344095 0.475528
v 0.344095 -0.475528 0.556758
v 0.212663 -0.394298 0.769421
v 0.131433 -0.606961 0.637988
v 0.556758 -0.344095 0.475528
v 0.344095 -0.475528 0.556758
v 0.475528 -0.556758 0.344095
v 0.262866 -0.688191 0.425325
v -0.262866 -0.688191 0.425325
v 0.000000 -0.850651 0.000000
v 0.394298 -0.769421 0.212663
v 0.131433 -0.769421 0.212663
v 0.262866 -0.850651 0.000000
v 0.131433 -0.606961 0.637988
v -0.131433 -0.606961 0.637988
v 0.000000 -0.688191 0.425325
v -0.131433 -0.769421 0.212663
v -0.394298 -0.769421 0.212663
v -0.262866 -0.850651 0.000000
v 0.000000 -0.688191 0.425325
v -0.131433 -0.769421 0.212663
v 0.131433 -0.769421 0.212663
v 0.000000 -0.850651 0.000000
v -0.262866 -0.688191 -0.425325
v 0.262866 -0.688191 -0.425325
v 0.262866 -0.850651 0.000000
v 0.131433 -0.769421 -0.212663
v 0.394298 -0.769421 -0.212663
v -0.262866 -0.850651 0.000000
v -0.394298 -0.769421 -0.212663
v -0.131433 -0.769421 -0.212663
v 0.000000 -0.688191 -0.425325
v -0.131433 -0.606961 -0.637988
v 0.131433 -0.606961 -0.637988
v -0.131433 -0.769421 -0.212663
v 0.000000 -0.688191 -0.425325
v 0.131433 -0.769421 -0.212663
v 0.262866 -0.688191 -0.425325
v 0.425325 -0.262866 -0.688191
v 0.688191 -0.425325 -0.262866
v 0.394298 -0.769421 -0.212663
v 0.475528 -0.556758 -0.344095
v 0.606961 -0.637988 -0.131433
v 0.131433 -0.606961 -0.637988
v 0.212663 -0.394298 -0.769421
v 0.344095 -0.475528 -0.556758
v 0.556758 -0.344095 -0.475528
v 0.637988 -0.131433 -0.606961
v 0.769421 -0.212663 -0.394298
v 0.344095 -0.475528 -0.556758
v 0.556758 -0.344095 -0.475528
v 0.475528 -0.556758 -0.344095
v 0.688191 -0.425325 -0.262866
v 0.850651 0.000000 0.000000
v 0.688191 -0.425325 0.262866
v 0.606961 -0.637988 -0.131433
v 0.688191 -0.425325 0.000000
v 0.606961 -0.637988 0.131433
v 0.769421 -0.212663 -0.394298
v 0.850651 0.000000 -0.262866
v 0.769421 -0.212663 -0.131433
v 0.769421 -0.212663 0.131433
v 0.850651 0.000000 0.262866
v 0.769421 -0.212663 0.394298
v 0.769421 -0.212663 -0.131433
v 0.769421 -0.212663 0.131433
v 0.688191 -0.425325 0.000000
v 0.425325 -0.262866 0.688191
v 0.425325 0.262866 0.688191
v 0.000000 0.000000 0.850651
v 0.212663 -0.394298 0.769421
v 0.212663 -0.131433 0.769421
v 0.000000 -0.262866 0.850651
v 0.637988 -0.131433 0.606961
v 0.637988 0.131433 0.606961
v 0.425325 0.000000 0.688191
v 0.212663 0.131433 0.769421
v 0.212663 0.394298 0.769421
v 0.000000 0.262866 0.850651
v 0.425325 0.000000 0.688191
v 0.212663 0.131433 0.769421
v 0.212663 -0.131433 0.769421
v -0.262866 -0.688191 0.425325
v -0.425325 -0.262866 0.688191
v -0.688191 -0.425325 0.262866
v -0.394298 -0.769421 0.212663
v -0.475528 -0.556758 0.344095
v -0.606961 -0.637988 0.131433
v -0.131433 -0.606961 0.637988
v -0.212663 -0.394298 0.769421
v -0.344095 -0.475528 0.556758
v -0.556758 -0.344095 0.475528
v -0.637988 -0.131433 0.606961
v -0.769421 -0.212663 0.394298
v -0.344095 -0.475528 0.556758
v -0.556758 -0.344095 0.475528
v -0.475528 -0.556758 0.344095
v -0.262866 -0.688191 -0.425325
v -0.688191 -0.425325 -0.262866
v -0.425325 -0.262866 -0.688191
v -0.131433 -0.606961 -0.637988
v -0.344095 -0.475528 -0.556758
v -0.212663 -0.394298 -0.769421
v -0.394298 -0.769421 -0.212663
v -0.606961 -0.637988 -0.131433
v -0.475528 -0.556758 -0.344095
v -0.556758 -0.344095 -0.475528
v -0.769421 -0.212663 -0.394298
v -0.637988 -0.131433 -0.606961
v -0.475528 -0.556758 -0.344095
v -0.556758 -0.344095 -0.475528
v -0.344095 -0.475528 -0.556758
v 0.425325 -0.262866 -0.688191
v 0.000000 0.000000 -0.850651
v 0.425325 0.262866 -0.688191
v 0.637988 -0.131433 -0.606961
v 0.425325 0.000000 -0.688191
v 0.637988 0.131433 -0.606961
v 0.212663 -0.394298 -0.769421
v 0.000000 -0.262866 -0.850651
v 0.212663 -0.131433 -0.769421
v 0.212663 0.131433 -0.769421
v 0.000000 0.262866 -0.850651
v 0.212663 0.394298 -0.769421
v 0.212663 -0.131433 -0.769421
v 0.212663 0.131433 -0.769421
v 0.425325 0.000000 -0.688191
v 0.850651 0.000000 0.000000
v 0.688191 0.425325 -0.262866
v 0.688191 0.425325 0.262866
v 0.850651 0.000000 0.262866
v 0.769421 0.212663 0.131433
v 0.769421 0.212663 0.394298
v 0.850651 0.000000 -0.262866
v 0.769421 0.212663 -0.394298
v 0.769421 0.212663 -0.131433
v 0.688191 0.425325 0.000000
v 0.606961 0.637988 -0.131433
v 0.606961 0.637988 0.131433
v 0.769421 0.212663 -0.131433
v 0.688191 0.425325 0.000000
v 0.769421 0.212663 0.131433
v -0.566346 0.744319 0.065716
v -0.500630 0.703704 0.172048
v -0.460015 0.810036 0.106331
v -0.546039 0.797485 0.032858
v -0.513180 0.777178 0.086024
v -0.492873 0.830343 0.053166
v -0.586654 0.691154 0.098575
v -0.553795 0.670846 0.151740
v -0.533488 0.724012 0.118882
v -0.480322 0.756870 0.139190
v -0.447464 0.736563 0.192355
v -0.427157 0.789728 0.159497
v -0.533488 0.724012 0.118882
v -0.480322 0.756870 0.139190
v -0.513180 0.777178 0.086024
v -0.647576 0.531657 0.197149
v -0.581860 0.491042 0.303481
v -0.541245 0.597373 0.237764
v -0.627269 0.584822 0.164291
v -0.594410 0.564515 0.217457
v -0.574103 0.617681 0.184598
v -0.667883 0.478491 0.230007
v -0.635025 0.458184 0.283173
v -0.614718 0.511349 0.250315
v -0.561552 0.544207 0.270622
v -0.528694 0.523900 0.323788
v -0.508386 0.577066 0.290930
v -0.614718 0.511349 0.250315
v -0.561552 0.544207 0.270622
v -0.594410 0.564515 0.217457
v -0.434913 0.663090 0.278379
v -0.369197 0.622475 0.384710
v -0.328582 0.728806 0.318994
v -0.414606 0.716255 0.245521
v -0.381748 0.695948 0.298687
v -0.361440 0.749113 0.265828
v -0.455221 0.609924 0.311237
v -0.422363 0.589616 0.364403
v -0.402055 0.642782 0.331545
v -0.348889 0.675640 0.351852
v -0.316031 0.655333 0.405018
v -0.295724 0.708498 0.372160
v -0.402055 0.642782 0.331545
v -0.348889 0.675640 0.351852
v -0.381748 0.695948 0.298687
v -0.541245 0.597373 0.237764
v -0.434913 0.663090 0.278379
v -0.500630 0.703704 0.172048
v -0.574103 0.617681 0.184598
v -0.520937 0.650539 0.204906
v -0.553795 0.670846 0.151740
v -0.508386 0.577066 0.290930
v -0.455221 0.609924 0.311237
v -0.488079 0.630231 0.258072
v -0.467771 0.683397 0.225213
v -0.414606 0.716255 0.245521
v -0.447464 0.736563 0.192355
v -0.488079 0.630231 0.258072
v -0.467771 0.683397 0.225213
v -0.520937 0.650539 0.204906
v -0.728806 0.318994 0.328582
v -0.663090 0.278379 0.434913
v -0.622475 0.384710 0.369197
v -0.708498 0.372160 0.295724
v -0.675640 0.351852 0.348889
v -0.655333 0.405018 0.316031
v -0.749113 0.265828 0.361440
v -0.716255 0.245521 0.414606
v -0.695948 0.298687 0.381748
v -0.642782 0.331545 0.402055
v -0.609924 0.311237 0.455221
v -0.589616 0.364403 0.422363
v -0.695948 0.298687 0.381748
v -0.642782 0.331545 0.402055
v -0.675640 0.351852 0.348889
v -0.810036 0.106331 0.460015
v -0.744319 0.065716 0.566346
v -0.703704 0.172048 0.500630
v -0.789728 0.159497 0.427157
v -0.756870 0.139190 0.480322
v -0.736563 0.192355 0.447464
v -0.830343 0.053166 0.492873
v -0.797485 0.032858 0.546039
v -0.777178 0.086024 0.513180
v -0.724012 0.118882 0.533488
v -0.691154 0.098575 0.586654
v -0.670846 0.151740 0.553795
v -0.777178 0.086024 0.513180
v -0.724012 0.118882 0.533488
v -0.756870 0.139190 0.480322
v -0.597373 0.237764 0.541245
v -0.531657 0.197149 0.647576
v -0.491042 0.303481 0.581860
v -0.577066 0.290930 0.508386
v -0.544207 0.270622 0.561552
v -0.523900 0.323788 0.528694
v -0.617681 0.184598 0.574103
v -0.584822 0.164291 0.627269
v -0.564515 0.217457 0.594410
v -0.511349 0.250315 0.614718
v -0.478491 0.230007 0.667883
v -0.458184 0.283173 0.635025
v -0.564515 0.217457 0.594410
v -0.511349 0.250315 0.614718
v -0.544207 0.270622 0.561552
v -0.703704 0.172048 0.500630
v -0.597373 0.237764 0.541245
v -0.663090 0.278379 0.434913
v -0.736563 0.192355 0.447464
v -0.683397 0.225213 0.467771
v -0.716255 0.245521 0.414606
v -0.670846 0.151740 0.553795
v -0.617681 0.184598 0.574103
v -0.650539 0.204906 0.520937
v -0.630231 0.258072 0.488079
v -0.577066 0.290930 0.508386
v -0.609924 0.311237 0.455221
v -0.650539 0.204906 0.520937
v -0.630231 0.258072 0.488079
v -0.683397 0.225213 0.467771
v -0.303481 0.581860 0.491042
v -0.237764 0.541245 0.597373
v -0.197149 0.647576 0.531657
v -0.283173 0.635025 0.458184
v -0.250315 0.614718 0.511349
v -0.230007 0.667883 0.478491
v -0.323788 0.528694 0.523900
v -0.290930 0.508386 0.577066
v -0.270622 0.561552 0.544207
v -0.217457 0.594410 0.564515
v -0.184598 0.574103 0.617681
v -0.164291 0.627269 0.584822
v -0.270622 0.561552 0.544207
v -0.217457 0.594410 0.564515
v -0.250315 0.614718 0.511349
v -0.384710 0.369197 0.622475
v -0.318994 0.328582 0.728806
v -0.278379 0.434913 0.663090
v -0.364403 0.422363 0.589616
v -0.331545 0.402055 0.642782
v -0.311237 0.455221 0.609924
v -0.405018 0.316031 0.655333
v -0.372160 0.295724 0.708498
v -0.351852 0.348889 0.675640
v -0.298687 0.381748 0.695948
v -0.265828 0.361440 0.749113
v -0.245521 0.414606 0.716255
v -0.351852 0.348889 0.675640
v -0.298687 0.381748 0.695948
v -0.331545 0.402055 0.642782
v -0.172048 0.500630 0.703704
v -0.106331 0.460015 0.810036
v -0.065716 0.566346 0.744319
v -0.151740 0.553795 0.670846
v -0.118882 0.533488 0.724012
v -0.098575 0.586654 0.691154
v -0.192355 0.447464 0.736563
v -0.159497 0.427157 0.789728
v -0.139190 0.480322 0.756870
v -0.086024 0.513180 0.777178
v -0.053166 0.492873 0.830343
v -0.032858 0.546039 0.797485
v -0.139190 0.480322 0.756870
v -0.086024 0.513180 0.777178
v -0.118882 0.533488 0.724012
v -0.278379 0.434913 0.663090
v -0.172048 0.500630 0.703704
v -0.237764 0.541245 0.597373
v -0.311237 0.455221 0.609924
v -0.258072 0.488079 0.630231
v -0.290930 0.508386 0.577066
v -0.245521 0.414606 0.716255
v -0.192355 0.447464 0.736563
v -0.225213 0.467771 0.683397
v -0.204906 0.520937 0.650539
v -0.151740 0.553795 0.670846
v -0.184598 0.574103 0.617681
v -0.225213 0.467771 0.683397
v -0.204906 0.520937 0.650539
v -0.258072 0.488079 0.630231
v -0.622475 0.384710 0.369197
v -0.516143 0.450427 0.409812
v -0.581860 0.491042 0.303481
v -0.655333 0.405018 0.316031
v -0.602167 0.437876 0.336339
v -0.635025 0.458184 0.283173
v -0.589616 0.364403 0.422363
v -0.536451 0.397261 0.442670
v -0.569309 0.417569 0.389504
v -0.549001 0.470734 0.356646
v -0.495836 0.503593 0.376954
v -0.528694 0.523900 0.323788
v -0.569309 0.417569 0.389504
v -0.549001 0.470734 0.356646
v -0.602167 0.437876 0.336339
v -0.491042 0.303481 0.581860
v -0.384710 0.369197 0.622475
v -0.450427 0.409812 0.516143
v -0.523900 0.323788 0.528694
v -0.470734 0.356646 0.549001
v -0.503593 0.376954 0.495836
v -0.458184 0.283173 0.635025
v -0.405018 0.316031 0.655333
v -0.437876 0.336339 0.602167
v -0.417569 0.389504 0.569309
v -0.364403 0.422363 0.589616
v -0.397261 0.442670 0.536451
v -0.437876 0.336339 0.602167
v -0.417569 0.389504 0.569309
v -0.470734 0.356646 0.549001
v -0.409812 0.516143 0.450427
v -0.303481 0.581860 0.491042
v -0.369197 0.622475 0.384710
v -0.442670 0.536451 0.397261
v -0.389504 0.569309 0.417569
v -0.422363 0.589616 0.364403
v -0.376954 0.495836 0.503593
v -0.323788 0.528694 0.523900
v -0.356646 0.549001 0.470734
v -0.336339 0.602167 0.437876
v -0.283173 0.635025 0.458184
v -0.316031 0.655333 0.405018
v -0.356646 0.549001 0.470734
v -0.336339 0.602167 0.437876
v -0.389504 0.569309 0.417569
v -0.450427 0.409812 0.516143
v -0.409812 0.516143 0.450427
v -0.516143 0.450427 0.409812
v -0.503593 0.376954 0.495836
v -0.483285 0.430119 0.462978
v -0.536451 0.397261 0.442670
v -0.397261 0.442670 0.536451
v -0.376954 0.495836 0.503593
v -0.430119 0.462978 0.483285
v -0.462978 0.483285 0.430119
v -0.442670 0.536451 0.397261
v -0.495836 0.503593 0.376954
v -0.430119 0.462978 0.483285
v -0.462978 0.483285 0.430119
v -0.483285 0.430119 0.462978
v -0.460015 0.810036 0.106331
v -0.328582 0.810036 0.106331
v -0.394298 0.850651 0.000000
v -0.492873 0.830343 0.053166
v -0.427157 0.830343 0.053166
v -0.460015 0.850651 0.000000
v -0.427157 0.789728 0.159497
v -0.361440 0.789728 0.159497
v -0.394298 0.810036 0.106331
v -0.361440 0.830343 0.053166
v -0.295724 0.830343 0.053166
v -0.328582 0.850651 0.000000
v -0.394298 0.810036 0.106331
v -0.361440 0.830343 0.053166
v -0.427157 0.830343 0.053166
v -0.328582 0.728806 0.318994
v -0.197149 0.728806 0.318994
v -0.262866 0.769421 0.212663
v -0.361440 0.749113 0.265828
v -0.295724 0.749113 0.265828
v -0.328582 0.769421 0.212663
v -0.295724 0.708498 0.372160
v -0.230007 0.708498 0.372160
v -0.262866 0.728806 0.318994
v -0.230007 0.749113 0.265828
v -0.164291 0.749113 0.265828
v -0.197149 0.769421 0.212663
v -0.262866 0.728806 0.318994
v -0.230007 0.749113 0.265828
v -0.295724 0.749113 0.265828
v -0.197149 0.810036 0.106331
v -0.065716 0.810036 0.106331
v -0.131433 0.850651 0.000000
v -0.230007 0.830343 0.053166
v -0.164291 0.830343 0.053166
v -0.197149 0.850651 0.000000
v -0.164291 0.789728 0.159497
v -0.098575 0.789728 0.159497
v -0.131433 0.810036 0.106331
v -0.098575 0.830343 0.053166
v -0.032858 0.830343 0.053166
v -0.065716 0.850651 0.000000
v -0.131433 0.810036 0.106331
v -0.098575 0.830343 0.053166
v -0.164291 0.830343 0.053166
v -0.262866 0.769421 0.212663
v -0.197149 0.810036 0.106331
v -0.328582 0.810036 0.106331
v -0.328582 0.769421 0.212663
v -0.295724 0.789728 0.159497
v -0.361440 0.789728 0.159497
v -0.197149 0.769421 0.212663
v -0.164291 0.789728 0.159497
v -0.230007 0.789728 0.159497
v -0.262866 0.810036 0.106331
v -0.230007 0.830343 0.053166
v -0.295724 0.830343 0.053166
v -0.230007 0.789728 0.159497
v -0.262866 0.810036 0.106331
v -0.295724 0.789728 0.159497
v -0.197149 0.647576 0.531657
v -0.065716 0.647576 0.531657
v -0.131433 0.688191 0.425325
v -0.230007 0.667883 0.478491
v -0.164291 0.667883 0.478491
v -0.197149 0.688191 0.425325
v -0.164291 0.627269 0.584822
v -0.098575 0.627269 0.584822
v -0.131433 0.647576 0.531657
v -0.098575 0.667883 0.478491
v -0.032858 0.667883 0.478491
v -0.065716 0.688191 0.425325
v -0.131433 0.647576 0.531657
v -0.098575 0.667883 0.478491
v -0.164291 0.667883 0.478491
v -0.065716 0.566346 0.744319
v 0.065716 0.566346 0.744319
v 0.000000 0.606961 0.637988
v -0.098575 0.586654 0.691154
v -0.032858 0.586654 0.691154
v -0.065716 0.606961 0.637988
v -0.032858 0.546039 0.797485
v 0.032858 0.546039 0.797485
v 0.000000 0.566346 0.744319
v 0.032858 0.586654 0.691154
v 0.098575 0.586654 0.691154
v 0.065716 0.606961 0.637988
v 0.000000 0.566346 0.744319
v 0.032858 0.586654 0.691154
v -0.032858 0.586654 0.691154
v 0.065716 0.647576 0.531657
v 0.197149 0.647576 0.531657
v 0.131433 0.688191 0.425325
v 0.032858 0.667883 0.478491
v 0.098575 0.667883 0.478491
v 0.065716 0.688191 0.425325
v 0.098575 0.627269 0.584822
v 0.164291 0.627269 0.584822
v 0.131433 0.647576 0.531657
v 0.164291 0.667883 0.478491
v 0.230007 0.667883 0.478491
v 0.197149 0.688191 0.425325
v 0.131433 0.647576 0.531657
v 0.164291 0.667883 0.478491
v 0.098575 0.667883 0.478491
v 0.000000 0.606961 0.637988
v 0.065716 0.647576 0.531657
v -0.065716 0.647576 0.531657
v -0.065716 0.606961 0.637988
v -0.032858 0.627269 0.584822
v -0.098575 0.627269 0.584822
v 0.065716 0.606961 0.637988
v 0.098575 0.627269 0.584822
v 0.032858 0.627269 0.584822
v 0.000000 0.647576 0.531657
v 0.032858 0.667883 0.478491
v -0.032858 0.667883 0.478491
v 0.032858 0.627269 0.584822
v 0.000000 0.647576 0.531657
v -0.032858 0.627269 0.584822
v 0.065716 0.810036 0.106331
v 0.197149 0.810036 0.106331
v 0.131433 0.850651 0.000000
v 0.032858 0.830343 0.053166
v 0.098575 0.830343 0.053166
v 0.065716 0.850651 0.000000
v 0.098575 0.789728 0.159497
v 0.164291 0.789728 0.159497
v 0.131433 0.810036 0.106331
v 0.164291 0.830343 0.053166
v 0.230007 0.830343 0.053166
v 0.197149 0.850651 0.000000
v 0.131433 0.810036 0.106331
v 0.164291 0.830343 0.053166
v 0.098575 0.830343 0.053166
v 0.197149 0.728806 0.318994
v 0.328582 0.728806 0.318994
v 0.262866 0.769421 0.212663
v 0.164291 0.749113 0.265828
v 0.230007 0.749113 0.265828
v 0.197149 0.769421 0.212663
v 0.230007 0.708498 0.372160
v 0.295724 0.708498 0.372160
v 0.262866 0.728806 0.318994
v 0.295724 0.749113 0.265828
v 0.361440 0.749113 0.265828
v 0.328582 0.769421 0.212663
v 0.262866 0.728806 0.318994
v 0.295724 0.749113 0.265828
v 0.230007 0.749113 0.265828
v 0.328582 0.810036 0.106331
v 0.460015 0.810036 0.106331
v 0.394298 0.850651 0.000000
v 0.295724 0.830343 0.053166
v 0.361440 0.830343 0.053166
v 0.328582 0.850651 0.000000
v 0.361440 0.789728 0.159497
v 0.427157 0.789728 0.159497
v 0.394298 0.810036 0.106331
v 0.427157 0.830343 0.053166
v 0.492873 0.830343 0.053166
v 0.460015 0.850651 0.000000
v 0.394298 0.810036 0.106331
v 0.427157 0.830343 0.053166
v 0.361440 0.830343 0.053166
v 0.262866 0.769421 0.212663
v 0.328582 0.810036 0.106331
v 0.197149 0.810036 0.106331
v 0.197149 0.769421 0.212663
v 0.230007 0.789728 0.159497
v 0.164291 0.789728 0.159497
v 0.328582 0.769421 0.212663
v 0.361440 0.789728 0.159497
v 0.295724 0.789728 0.159497
v 0.262866 0.810036 0.106331
v 0.295724 0.830343 0.053166
v 0.230007 0.830343 0.053166
v 0.295724 0.789728 0.159497
v 0.262866 0.810036 0.106331
v 0.230007 0.789728 0.159497
v -0.131433 0.688191 0.425325
v -0.065716 0.728806 0.318994
v -0.197149 0.728806 0.318994
v -0.197149 0.688191 0.425325
v -0.164291 0.708498 0.372160
v -0.230007 0.708498 0.372160
v -0.065716 0.688191 0.425325
v -0.032858 0.708498 0.372160
v -0.098575 0.708498 0.372160
v -0.131433 0.728806 0.318994
v -0.098575 0.749113 0.265828
v -0.164291 0.749113 0.265828
v -0.098575 0.708498 0.372160
v -0.131433 0.728806 0.318994
v -0.164291 0.708498 0.372160
v 0.131433 0.688191 0.425325
v 0.197149 0.728806 0.318994
v 0.065716 0.728806 0.318994
v 0.065716 0.688191 0.425325
v 0.098575 0.708498 0.372160
v 0.032858 0.708498 0.372160
v 0.197149 0.688191 0.425325
v 0.230007 0.708498 0.372160
v 0.164291 0.708498 0.372160
v 0.131433 0.728806 0.318994
v 0.164291 0.749113 0.265828
v 0.098575 0.749113 0.265828
v 0.164291 0.708498 0.372160
v 0.131433 0.728806 0.318994
v 0.098575 0.708498 0.372160
v 0.000000 0.769421 0.212663
v 0.065716 0.810036 0.106331
v -0.065716 0.810036 0.106331
v -0.065716 0.769421 0.212663
v -0.032858 0.789728 0.159497
v -0.098575 0.789728 0.159497
v 0.065716 0.769421 0.212663
v 0.098575 0.789728 0.159497
v 0.032858 0.789728 0.159497
v 0.000000 0.810036 0.106331
v 0.032858 0.830343 0.053166
v -0.032858 0.830343 0.053166
v 0.032858 0.789728 0.159497
v 0.000000 0.810036 0.106331
v -0.032858 0.789728 0.159497
v 0.065716 0.728806 0.318994
v 0.000000 0.769421 0.212663
v -0.065716 0.728806 0.318994
v 0.032858 0.708498 0.372160
v 0.000000 0.728806 0.318994
v -0.032858 0.708498 0.372160
v 0.098575 0.749113 0.265828
v 0.065716 0.769421 0.212663
v 0.032858 0.749113 0.265828
v -0.032858 0.749113 0.265828
v -0.065716 0.769421 0.212663
v -0.098575 0.749113 0.265828
v 0.032858 0.749113 0.265828
v -0.032858 0.749113 0.265828
v 0.000000 0.728806 0.318994
v -0.394298 0.850651 0.000000
v -0.328582 0.810036 -0.106331
v -0.460015 0.810036 -0.106331
v -0.460015 0.850651 0.000000
v -0.427157 0.830343 -0.053166
v -0.492873 0.830343 -0.053166
v -0.328582 0.850651 0.000000
v -0.295724 0.830343 -0.053166
v -0.361440 0.830343 -0.053166
v -0.394298 0.810036 -0.106331
v -0.361440 0.789728 -0.159497
v -0.427157 0.789728 -0.159497
v -0.361440 0.830343 -0.053166
v -0.394298 0.810036 -0.106331
v -0.427157 0.830343 -0.053166
v -0.131433 0.850651 0.000000
v -0.065716 0.810036 -0.106331
v -0.197149 0.810036 -0.106331
v -0.197149 0.850651 0.000000
v -0.164291 0.830343 -0.053166
v -0.230007 0.830343 -0.053166
v -0.065716 0.850651 0.000000
v -0.032858 0.830343 -0.053166
v -0.098575 0.830343 -0.053166
v -0.131433 0.810036 -0.106331
v -0.098575 0.789728 -0.159497
v -0.164291 0.789728 -0.159497
v -0.098575 0.830343 -0.053166
v -0.131433 0.810036 -0.106331
v -0.164291 0.830343 -0.053166
v -0.262866 0.769421 -0.212663
v -0.197149 0.728806 -0.318994
v -0.328582 0.728806 -0.318994
v -0.328582 0.769421 -0.212663
v -0.295724 0.749113 -0.265828
v -0.361440 0.749113 -0.265828
v -0.197149 0.769421 -0.212663
v -0.164291 0.749113 -0.265828
v -0.230007 0.749113 -0.265828
v -0.262866 0.728806 -0.318994
v -0.230007 0.708498 -0.372160
v -0.295724 0.708498 -0.372160
v -0.230007 0.749113 -0.265828
v -0.262866 0.728806 -0.318994
v -0.295724 0.749113 -0.265828
v -0.197149 0.810036 -0.106331
v -0.262866 0.769421 -0.212663
v -0.328582 0.810036 -0.106331
v -0.230007 0.830343 -0.053166
v -0.262866 0.810036 -0.106331
v -0.295724 0.830343 -0.053166
v -0.164291 0.789728 -0.159497
v -0.197149 0.769421 -0.212663
v -0.230007 0.789728 -0.159497
v -0.295724 0.789728 -0.159497
v -0.328582 0.769421 -0.212663
v -0.361440 0.789728 -0.159497
v -0.230007 0.789728 -0.159497
v -0.295724 0.789728 -0.159497
v -0.262866 0.810036 -0.106331
v 0.131433 0.850651 0.000000
v 0.197149 0.810036 -0.106331
v 0.065716 0.810036 -0.106331
v 0.065716 0.850651 0.000000
v 0.098575 0.830343 -0.053166
v 0.032858 0.830343 -0.053166
v 0.197149 0.850651 0.000000
v 0.230007 0.830343 -0.053166
v 0.164291 0.830343 -0.053166
v 0.131433 0.810036 -0.106331
v 0.164291 0.789728 -0.159497
v 0.098575 0.789728 -0.159497
v 0.164291 0.830343 -0.053166
v 0.131433 0.810036 -0.106331
v 0.098575 0.830343 -0.053166
v 0.394298 0.850651 0.000000
v 0.460015 0.810036 -0.106331
v 0.328582 0.810036 -0.106331
v 0.328582 0.850651 0.000000
v 0.361440 0.830343 -0.053166
v 0.295724 0.830343 -0.053166
v 0.460015 0.850651 0.000000
v 0.492873 0.830343 -0.053166
v 0.427157 0.830343 -0.053166
v 0.394298 0.810036 -0.106331
v 0.427157 0.789728 -0.159497
v 0.361440 0.789728 -0.159497
v 0.427157 0.830343 -0.053166
v 0.394298 0.810036 -0.106331
v 0.361440 0.830343 -0.053166
v 0.262866 0.769421 -0.212663
v 0.328582 0.728806 -0.318994
v 0.197149 0.728806 -0.318994
v 0.197149 0.769421 -0.212663
v 0.230007 0.749113 -0.265828
v 0.164291 0.749113 -0.265828
v 0.328582 0.769421 -0.212663
v 0.361440 0.749113 -0.265828
v 0.295724 0.749113 -0.265828
v 0.262866 0.728806 -0.318994
v 0.295724 0.708498 -0.372160
v 0.230007 0.708498 -0.372160
v 0.295724 0.749113 -0.265828
v 0.262866 0.728806 -0.318994
v 0.230007 0.749113 -0.265828
v 0.328582 0.810036 -0.106331
v 0.262866 0.769421 -0.212663
v 0.197149 0.810036 -0.106331
v 0.295724 0.830343 -0.053166
v 0.262866 0.810036 -0.106331
v 0.230007 0.830343 -0.053166
v 0.361440 0.789728 -0.159497
v 0.328582 0.769421 -0.212663
v 0.295724 0.789728 -0.159497
v 0.230007 0.789728 -0.159497
v 0.197149 0.769421 -0.212663
v 0.164291 0.789728 -0.159497
v 0.295724 0.789728 -0.159497
v 0.230007 0.789728 -0.159497
v 0.262866 0.810036 -0.106331
v -0.131433 0.688191 -0.425325
v -0.065716 0.647576 -0.531657
v -0.197149 0.647576 -0.531657
v -0.197149 0.688191 -0.425325
v -0.164291 0.667883 -0.478491
v -0.230007 0.667883 -0.478491
v -0.065716 0.688191 -0.425325
v -0.032858 0.667883 -0.478491
v -0.098575 0.667883 -0.478491
v -0.131433 0.647576 -0.531657
v -0.098575 0.627269 -0.584822
v -0.164291 0.627269 -0.584822
v -0.098575 0.667883 -0.478491
v -0.131433 0.647576 -0.531657
v -0.164291 0.667883 -0.478491
v 0.131433 0.688191 -0.425325
v 0.197149 0.647576 -0.531657
v 0.065716 0.647576 -0.531657
v 0.065716 0.688191 -0.425325
v 0.098575 0.667883 -0.478491
v 0.032858 0.667883 -0.478491
v 0.197149 0.688191 -0.425325
v 0.230007 0.667883 -0.478491
v 0.164291 0.667883 -0.478491
v 0.131433 0.647576 -0.531657
v 0.164291 0.627269 -0.584822
v 0.098575 0.627269 -0.584822
v 0.164291 0.667883 -0.478491
v 0.131433 0.647576 -0.531657
v 0.098575 0.667883 -0.478491
v 0.000000 0.606961 -0.637988
v 0.065716 0.566346 -0.744319
v -0.065716 0.566346 -0.744319
v -0.065716 0.606961 -0.637988
v -0.032858 0.586654 -0.691154
v -0.098575 0.586654 -0.691154
v 0.065716 0.606961 -0.637988
v 0.098575 0.586654 -0.691154
v 0.032858 0.586654 -0.691154
v 0.000000 0.566346 -0.744319
v 0.032858 0.546039 -0.797485
v -0.032858 0.546039 -0.797485
v 0.032858 0.586654 -0.691154
v 0.000000 0.566346 -0.744319
v -0.032858 0.586654 -0.691154
v 0.065716 0.647576 -0.531657
v 0.000000 0.606961 -0.637988
v -0.065716 0.647576 -0.531657
v 0.032858 0.667883 -0.478491
v 0.000000 0.647576 -0.531657
v -0.032858 0.667883 -0.478491
v 0.098575 0.627269 -0.584822
v 0.065716 0.606961 -0.637988
v 0.032858 0.627269 -0.584822
v -0.032858 0.627269 -0.584822
v -0.065716 0.606961 -0.637988
v -0.098575 0.627269 -0.584822
v 0.032858 0.627269 -0.584822
v -0.032858 0.627269 -0.584822
v 0.000000 0.647576 -0.531657
v 0.065716 0.810036 -0.106331
v 0.000000 0.769421 -0.212663
v -0.065716 0.810036 -0.106331
v 0.032858 0.830343 -0.053166
v 0.000000 0.810036 -0.106331
v -0.032858 0.830343 -0.053166
v 0.098575 0.789728 -0.159497
v 0.065716 0.769421 -0.212663
v 0.032858 0.789728 -0.159497
v -0.032858 0.789728 -0.159497
v -0.065716 0.769421 -0.212663
v -0.098575 0.789728 -0.159497
v 0.032858 0.789728 -0.159497
v -0.032858 0.789728 -0.159497
v 0.000000 0.810036 -0.106331
v 0.197149 0.728806 -0.318994
v 0.131433 0.688191 -0.425325
v 0.065716 0.728806 -0.318994
v 0.164291 0.749113 -0.265828
v 0.131433 0.728806 -0.318994
v 0.098575 0.749113 -0.265828
v 0.230007 0.708498 -0.372160
v 0.197149 0.688191 -0.425325
v 0.164291 0.708498 -0.372160
v 0.098575 0.708498 -0.372160
v 0.065716 0.688191 -0.425325
v 0.032858 0.708498 -0.372160
v 0.164291 0.708498 -0.372160
v 0.098575 0.708498 -0.372160
v 0.131433 0.728806 -0.318994
v -0.065716 0.728806 -0.318994
v -0.131433 0.688191 -0.425325
v -0.197149 0.728806 -0.318994
v -0.098575 0.749113 -0.265828
v -0.131433 0.728806 -0.318994
v -0.164291 0.749113 -0.265828
v -0.032858 0.708498 -0.372160
v -0.065716 0.688191 -0.425325
v -0.098575 0.708498 -0.372160
v -0.164291 0.708498 -0.372160
v -0.197149 0.688191 -0.425325
v -0.230007 0.708498 -0.372160
v -0.098575 0.708498 -0.372160
v -0.164291 0.708498 -0.372160
v -0.131433 0.728806 -0.318994
v 0.065716 0.728806 -0.318994
v -0.065716 0.728806 -0.318994
v 0.000000 0.769421 -0.212663
v 0.098575 0.749113 -0.265828
v 0.032858 0.749113 -0.265828
v 0.065716 0.769421 -0.212663
v 0.032858 0.708498 -0.372160
v -0.032858 0.708498 -0.372160
v 0.000000 0.728806 -0.318994
v -0.032858 0.749113 -0.265828
v -0.098575 0.749113 -0.265828
v -0.065716 0.769421 -0.212663
v 0.000000 0.728806 -0.318994
v -0.032858 0.749113 -0.265828
v 0.032858 0.749113 -0.265828
v -0.460015 0.810036 -0.106331
v -0.500630 0.703704 -0.172048
v -0.566346 0.744319 -0.065716
v -0.492873 0.830343 -0.053166
v -0.513180 0.777178 -0.086024
v -0.546039 0.797485 -0.032858
v -0.427157 0.789728 -0.159497
v -0.447464 0.736563 -0.192355
v -0.480322 0.756870 -0.139190
v -0.533488 0.724012 -0.118882
v -0.553795 0.670846 -0.151740
v -0.586654 0.691154 -0.098575
v -0.480322 0.756870 -0.139190
v -0.533488 0.724012 -0.118882
v -0.513180 0.777178 -0.086024
v -0.328582 0.728806 -0.318994
v -0.369197 0.622475 -0.384710
v -0.434913 0.663090 -0.278379
v -0.361440 0.749113 -0.265828
v -0.381748 0.695948 -0.298687
v -0.414606 0.716255 -0.245521
v -0.295724 0.708498 -0.372160
v -0.316031 0.655333 -0.405018
v -0.348889 0.675640 -0.351852
v -0.402055 0.642782 -0.331545
v -0.422363 0.589616 -0.364403
v -0.455221 0.609924 -0.311237
v -0.348889 0.675640 -0.351852
v -0.402055 0.642782 -0.331545
v -0.381748 0.695948 -0.298687
v -0.541245 0.597373 -0.237764
v -0.581860 0.491042 -0.303481
v -0.647576 0.531657 -0.197149
v -0.574103 0.617681 -0.184598
v -0.594410 0.564515 -0.217457
v -0.627269 0.584822 -0.164291
v -0.508386 0.577066 -0.290930
v -0.528694 0.523900 -0.323788
v -0.561552 0.544207 -0.270622
v -0.614718 0.511349 -0.250315
v -0.635025 0.458184 -0.283173
v -0.667883 0.478491 -0.230007
v -0.561552 0.544207 -0.270622
v -0.614718 0.511349 -0.250315
v -0.594410 0.564515 -0.217457
v -0.434913 0.663090 -0.278379
v -0.541245 0.597373 -0.237764
v -0.500630 0.703704 -0.172048
v -0.414606 0.716255 -0.245521
v -0.467771 0.683397 -0.225213
v -0.447464 0.736563 -0.192355
v -0.455221 0.609924 -0.311237
v -0.508386 0.577066 -0.290930
v -0.488079 0.630231 -0.258072
v -0.520937 0.650539 -0.204906
v -0.574103 0.617681 -0.184598
v -0.553795 0.670846 -0.151740
v -0.488079 0.630231 -0.258072
v -0.520937 0.650539 -0.204906
v -0.467771 0.683397 -0.225213
v -0.197149 0.647576 -0.531657
v -0.237764 0.541245 -0.597373
v -0.303481 0.581860 -0.491042
v -0.230007 0.667883 -0.478491
v -0.250315 0.614718 -0.511349
v -0.283173 0.635025 -0.458184
v -0.164291 0.627269 -0.584822
v -0.184598 0.574103 -0.617681
v -0.217457 0.594410 -0.564515
v -0.270622 0.561552 -0.544207
v -0.290930 0.508386 -0.577066
v -0.323788 0.528694 -0.523900
v -0.217457 0.594410 -0.564515
v -0.270622 0.561552 -0.544207
v -0.250315 0.614718 -0.511349
v -0.065716 0.566346 -0.744319
v -0.106331 0.460015 -0.810036
v -0.172048 0.500630 -0.703704
v -0.098575 0.586654 -0.691154
v -0.118882 0.533488 -0.724012
v -0.151740 0.553795 -0.670846
v -0.032858 0.546039 -0.797485
v -0.053166 0.492873 -0.830343
v -0.086024 0.513180 -0.777178
v -0.139190 0.480322 -0.756870
v -0.159497 0.427157 -0.789728
v -0.192355 0.447464 -0.736563
v -0.086024 0.513180 -0.777178
v -0.139190 0.480322 -0.756870
v -0.118882 0.533488 -0.724012
v -0.278379 0.434913 -0.663090
v -0.318994 0.328582 -0.728806
v -0.384710 0.369197 -0.622475
v -0.311237 0.455221 -0.609924
v -0.331545 0.402055 -0.642782
v -0.364403 0.422363 -0.589616
v -0.245521 0.414606 -0.716255
v -0.265828 0.361440 -0.749113
v -0.298687 0.381748 -0.695948
v -0.351852 0.348889 -0.675640
v -0.372160 0.295724 -0.708498
v -0.405018 0.316031 -0.655333
v -0.298687 0.381748 -0.695948
v -0.351852 0.348889 -0.675640
v -0.331545 0.402055 -0.642782
v -0.172048 0.500630 -0.703704
v -0.278379 0.434913 -0.663090
v -0.237764 0.541245 -0.597373
v -0.151740 0.553795 -0.670846
v -0.204906 0.520937 -0.650539
v -0.184598 0.574103 -0.617681
v -0.192355 0.447464 -0.736563
v -0.245521 0.414606 -0.716255
v -0.225213 0.467771 -0.683397
v -0.258072 0.488079 -0.630231
v -0.311237 0.455221 -0.609924
v -0.290930 0.508386 -0.577066
v -0.225213 0.467771 -0.683397
v -0.258072 0.488079 -0.630231
v -0.204906 0.520937 -0.650539
v -0.622475 0.384710 -0.369197
v -0.663090 0.278379 -0.434913
v -0.728806 0.318994 -0.328582
v -0.655333 0.405018 -0.316031
v -0.675640 0.351852 -0.348889
v -0.708498 0.372160 -0.295724
v -0.589616 0.364403 -0.422363
v -0.609924 0.311237 -0.455221
v -0.642782 0.331545 -0.402055
v -0.695948 0.298687 -0.381748
v -0.716255 0.245521 -0.414606
v -0.749113 0.265828 -0.361440
v -0.642782 0.331545 -0.402055
v -0.695948 0.298687 -0.381748
v -0.675640 0.351852 -0.348889
v -0.491042 0.303481 -0.581860
v -0.531657 0.197149 -0.647576
v -0.597373 0.237764 -0.541245
v -0.523900 0.323788 -0.528694
v -0.544207 0.270622 -0.561552
v -0.577066 0.290930 -0.508386
v -0.458184 0.283173 -0.635025
v -0.478491 0.230007 -0.667883
v -0.511349 0.250315 -0.614718
v -0.564515 0.217457 -0.594410
v -0.584822 0.164291 -0.627269
v -0.617681 0.184598 -0.574103
v -0.511349 0.250315 -0.614718
v -0.564515 0.217457 -0.594410
v -0.544207 0.270622 -0.561552
v -0.703704 0.172048 -0.500630
v -0.744319 0.065716 -0.566346
v -0.810036 0.106331 -0.460015
v -0.736563 0.192355 -0.447464
v -0.756870 0.139190 -0.480322
v -0.789728 0.159497 -0.427157
v -0.670846 0.151740 -0.553795
v -0.691154 0.098575 -0.586654
v -0.724012 0.118882 -0.533488
v -0.777178 0.086024 -0.513180
v -0.797485 0.032858 -0.546039
v -0.830343 0.053166 -0.492873
v -0.724012 0.118882 -0.533488
v -0.777178 0.086024 -0.513180
v -0.756870 0.139190 -0.480322
v -0.597373 0.237764 -0.541245
v -0.703704 0.172048 -0.500630
v -0.663090 0.278379 -0.434913
v -0.577066 0.290930 -0.508386
v -0.630231 0.258072 -0.488079
v -0.609924 0.311237 -0.455221
v -0.617681 0.184598 -0.574103
v -0.670846 0.151740 -0.553795
v -0.650539 0.204906 -0.520937
v -0.683397 0.225213 -0.467771
v -0.736563 0.192355 -0.447464
v -0.716255 0.245521 -0.414606
v -0.650539 0.204906 -0.520937
v -0.683397 0.225213 -0.467771
v -0.630231 0.258072 -0.488079
v -0.303481 0.581860 -0.491042
v -0.409812 0.516143 -0.450427
v -0.369197 0.622475 -0.384710
v -0.283173 0.635025 -0.458184
v -0.336339 0.602167 -0.437876
v -0.316031 0.655333 -0.405018
v -0.323788 0.528694 -0.523900
v -0.376954 0.495836 -0.503593
v -0.356646 0.549001 -0.470734
v -0.389504 0.569309 -0.417569
v -0.442670 0.536451 -0.397261
v -0.422363 0.589616 -0.364403
v -0.356646 0.549001 -0.470734
v -0.389504 0.569309 -0.417569
v -0.336339 0.602167 -0.437876
v -0.384710 0.369197 -0.622475
v -0.491042 0.303481 -0.581860
v -0.450427 0.409812 -0.516143
v -0.364403 0.422363 -0.589616
v -0.417569 0.389504 -0.569309
v -0.397261 0.442670 -0.536451
v -0.405018 0.316031 -0.655333
v -0.458184 0.283173 -0.635025
v -0.437876 0.336339 -0.602167
v -0.470734 0.356646 -0.549001
v -0.523900 0.323788 -0.528694
v -0.503593 0.376954 -0.495836
v -0.437876 0.336339 -0.602167
v -0.470734 0.356646 -0.549001
v -0.417569 0.389504 -0.569309
v -0.516143 0.450427 -0.409812
v -0.622475 0.384710 -0.369197
v -0.581860 0.491042 -0.303481
v -0.495836 0.503593 -0.376954
v -0.549001 0.470734 -0.356646
v -0.528694 0.523900 -0.323788
v -0.536451 0.397261 -0.442670
v -0.589616 0.364403 -0.422363
v -0.569309 0.417569 -0.389504
v -0.602167 0.437876 -0.336339
v -0.655333 0.405018 -0.316031
v -0.635025 0.458184 -0.283173
v -0.569309 0.417569 -0.389504
v -0.602167 0.437876 -0.336339
v -0.549001 0.470734 -0.356646
v -0.450427 0.409812 -0.516143
v -0.516143 0.450427 -0.409812
v -0.409812 0.516143 -0.450427
v -0.397261 0.442670 -0.536451
v -0.430119 0.462978 -0.483285
v -0.376954 0.495836 -0.503593
v -0.503593 0.376954 -0.495836
v -0.536451 0.397261 -0.442670
v -0.483285 0.430119 -0.462978
v -0.462978 0.483285 -0.430119
v -0.495836 0.503593 -0.376954
v -0.442670 0.536451 -0.397261
v -0.483285 0.430119 -0.462978
v -0.462978 0.483285 -0.430119
v -0.430119 0.462978 -0.483285
v -0.566346 0.744319 -0.065716
v -0.606961 0.637988 0.000000
v -0.566346 0.744319 0.065716
v -0.546039 0.797485 -0.032858
v -0.566346 0.744319 0.000000
v -0.546039 0.797485 0.032858
v -0.586654 0.691154 -0.098575
v -0.606961 0.637988 -0.065716
v -0.586654 0.691154 -0.032858
v -0.586654 0.691154 0.032858
v -0.606961 0.637988 0.065716
v -0.586654 0.691154 0.098575
v -0.586654 0.691154 -0.032858
v -0.586654 0.691154 0.032858
v -0.566346 0.744319 0.000000
v -0.647576 0.531657 -0.197149
v -0.688191 0.425325 -0.131433
v -0.647576 0.531657 -0.065716
v -0.627269 0.584822 -0.164291
v -0.647576 0.531657 -0.131433
v -0.627269 0.584822 -0.098575
v -0.667883 0.478491 -0.230007
v -0.688191 0.425325 -0.197149
v -0.667883 0.478491 -0.164291
v -0.667883 0.478491 -0.098575
v -0.688191 0.425325 -0.065716
v -0.667883 0.478491 -0.032858
v -0.667883 0.478491 -0.164291
v -0.667883 0.478491 -0.098575
v -0.647576 0.531657 -0.131433
v -0.647576 0.531657 0.065716
v -0.688191 0.425325 0.131433
v -0.647576 0.531657 0.197149
v -0.627269 0.584822 0.098575
v -0.647576 0.531657 0.131433
v -0.627269 0.584822 0.164291
v -0.667883 0.478491 0.032858
v -0.688191 0.425325 0.065716
v -0.667883 0.478491 0.098575
v -0.667883 0.478491 0.164291
v -0.688191 0.425325 0.197149
v -0.667883 0.478491 0.230007
v -0.667883 0.478491 0.098575
v -0.667883 0.478491 0.164291
v -0.647576 0.531657 0.131433
v -0.647576 0.531657 -0.065716
v -0.647576 0.531657 0.065716
v -0.606961 0.637988 0.000000
v -0.627269 0.584822 -0.098575
v -0.627269 0.584822 -0.032858
v -0.606961 0.637988 -0.065716
v -0.667883 0.478491 -0.032858
v -0.667883 0.478491 0.032858
v -0.647576 0.531657 0.000000
v -0.627269 0.584822 0.032858
v -0.627269 0.584822 0.098575
v -0.606961 0.637988 0.065716
v -0.647576 0.531657 0.000000
v -0.627269 0.584822 0.032858
v -0.627269 0.584822 -0.032858
v -0.728806 0.318994 -0.328582
v -0.769421 0.212663 -0.262866
v -0.728806 0.318994 -0.197149
v -0.708498 0.372160 -0.295724
v -0.728806 0.318994 -0.262866
v -0.708498 0.372160 -0.230007
v -0.749113 0.265828 -0.361440
v -0.769421 0.212663 -0.328582
v -0.749113 0.265828 -0.295724
v -0.749113 0.265828 -0.230007
v -0.769421 0.212663 -0.197149
v -0.749113 0.265828 -0.164291
v -0.749113 0.265828 -0.295724
v -0.749113 0.265828 -0.230007
v -0.728806 0.318994 -0.262866
v -0.810036 0.106331 -0.460015
v -0.850651 0.000000 -0.394298
v -0.810036 0.106331 -0.328582
v -0.789728 0.159497 -0.427157
v -0.810036 0.106331 -0.394298
v -0.789728 0.159497 -0.361440
v -0.830343 0.053166 -0.492873
v -0.850651 0.000000 -0.460015
v -0.830343 0.053166 -0.427157
v -0.830343 0.053166 -0.361440
v -0.850651 0.000000 -0.328582
v -0.830343 0.053166 -0.295724
v -0.830343 0.053166 -0.427157
v -0.830343 0.053166 -0.361440
v -0.810036 0.106331 -0.394298
v -0.810036 0.106331 -0.197149
v -0.850651 0.000000 -0.131433
v -0.810036 0.106331 -0.065716
v -0.789728 0.159497 -0.164291
v -0.810036 0.106331 -0.131433
v -0.789728 0.159497 -0.098575
v -0.830343 0.053166 -0.230007
v -0.850651 0.000000 -0.197149
v -0.830343 0.053166 -0.164291
v -0.830343 0.053166 -0.098575
v -0.850651 0.000000 -0.065716
v -0.830343 0.053166 -0.032858
v -0.830343 0.053166 -0.164291
v -0.830343 0.053166 -0.098575
v -0.810036 0.106331 -0.131433
v -0.810036 0.106331 -0.328582
v -0.810036 0.106331 -0.197149
v -0.769421 0.212663 -0.262866
v -0.789728 0.159497 -0.361440
v -0.789728 0.159497 -0.295724
v -0.769421 0.212663 -0.328582
v -0.830343 0.053166 -0.295724
v -0.830343 0.053166 -0.230007
v -0.810036 0.106331 -0.262866
v -0.789728 0.159497 -0.230007
v -0.789728 0.159497 -0.164291
v -0.769421 0.212663 -0.197149
v -0.810036 0.106331 -0.262866
v -0.789728 0.159497 -0.230007
v -0.789728 0.159497 -0.295724
v -0.728806 0.318994 0.197149
v -0.769421 0.212663 0.262866
v -0.728806 0.318994 0.328582
v -0.708498 0.372160 0.230007
v -0.728806 0.318994 0.262866
v -0.708498 0.372160 0.295724
v -0.749113 0.265828 0.164291
v -0.769421 0.212663 0.197149
v -0.749113 0.265828 0.230007
v -0.749113 0.265828 0.295724
v -0.769421 0.212663 0.328582
v -0.749113 0.265828 0.361440
v -0.749113 0.265828 0.230007
v -0.749113 0.265828 0.295724
v -0.728806 0.318994 0.262866
v -0.810036 0.106331 0.065716
v -0.850651 0.000000 0.131433
v -0.810036 0.106331 0.197149
v -0.789728 0.159497 0.098575
v -0.810036 0.106331 0.131433
v -0.789728 0.159497 0.164291
v -0.830343 0.053166 0.032858
v -0.850651 0.000000 0.065716
v -0.830343 0.053166 0.098575
v -0.830343 0.053166 0.164291
v -0.850651 0.000000 0.197149
v -0.830343 0.053166 0.230007
v -0.830343 0.053166 0.098575
v -0.830343 0.053166 0.164291
v -0.810036 0.106331 0.131433
v -0.810036 0.106331 0.328582
v -0.850651 0.000000 0.394298
v -0.810036 0.106331 0.460015
v -0.789728 0.159497 0.361440
v -0.810036 0.106331 0.394298
v -0.789728 0.159497 0.427157
v -0.830343 0.053166 0.295724
v -0.850651 0.000000 0.328582
v -0.830343 0.053166 0.361440
v -0.830343 0.053166 0.427157
v -0.850651 0.000000 0.460015
v -0.830343 0.053166 0.492873
v -0.830343 0.053166 0.361440
v -0.830343 0.053166 0.427157
v -0.810036 0.106331 0.394298
v -0.810036 0.106331 0.197149
v -0.810036 0.106331 0.328582
v -0.769421 0.212663 0.262866
v -0.789728 0.159497 0.164291
v -0.789728 0.159497 0.230007
v -0.769421 0.212663 0.197149
v -0.830343 0.053166 0.230007
v -0.830343 0.053166 0.295724
v -0.810036 0.106331 0.262866
v -0.789728 0.159497 0.295724
v -0.789728 0.159497 0.361440
v -0.769421 0.212663 0.328582
v -0.810036 0.106331 0.262866
v -0.789728 0.159497 0.295724
v -0.789728 0.159497 0.230007
v -0.728806 0.318994 -0.197149
v -0.728806 0.318994 -0.065716
v -0.688191 0.425325 -0.131433
v -0.708498 0.372160 -0.230007
v -0.708498 0.372160 -0.164291
v -0.688191 0.425325 -0.197149
v -0.749113 0.265828 -0.164291
v -0.749113 0.265828 -0.098575
v -0.728806 0.318994 -0.131433
v -0.708498 0.372160 -0.098575
v -0.708498 0.372160 -0.032858
v -0.688191 0.425325 -0.065716
v -0.728806 0.318994 -0.131433
v -0.708498 0.372160 -0.098575
v -0.708498 0.372160 -0.164291
v -0.810036 0.106331 -0.065716
v -0.810036 0.106331 0.065716
v -0.769421 0.212663 0.000000
v -0.789728 0.159497 -0.098575
v -0.789728 0.159497 -0.032858
v -0.769421 0.212663 -0.065716
v -0.830343 0.053166 -0.032858
v -0.830343 0.053166 0.032858
v -0.810036 0.106331 0.000000
v -0.789728 0.159497 0.032858
v -0.789728 0.159497 0.098575
v -0.769421 0.212663 0.065716
v -0.810036 0.106331 0.000000
v -0.789728 0.159497 0.032858
v -0.789728 0.159497 -0.032858
v -0.728806 0.318994 0.065716
v -0.728806 0.318994 0.197149
v -0.688191 0.425325 0.131433
v -0.708498 0.372160 0.032858
v -0.708498 0.372160 0.098575
v -0.688191 0.425325 0.065716
v -0.749113 0.265828 0.098575
v -0.749113 0.265828 0.164291
v -0.728806 0.318994 0.131433
v -0.708498 0.372160 0.164291
v -0.708498 0.372160 0.230007
v -0.688191 0.425325 0.197149
v -0.728806 0.318994 0.131433
v -0.708498 0.372160 0.164291
v -0.708498 0.372160 0.098575
v -0.769421 0.212663 0.000000
v -0.728806 0.318994 0.065716
v -0.728806 0.318994 -0.065716
v -0.769421 0.212663 -0.065716
v -0.749113 0.265828 -0.032858
v -0.749113 0.265828 -0.098575
v -0.769421 0.212663 0.065716
v -0.749113 0.265828 0.098575
v -0.749113 0.265828 0.032858
v -0.728806 0.318994 0.000000
v -0.708498 0.372160 0.032858
v -0.708498 0.372160 -0.032858
v -0.749113 0.265828 0.032858
v -0.728806 0.318994 0.000000
v -0.749113 0.265828 -0.032858
v 0.460015 0.810036 0.106331
v 0.500630 0.703704 0.172048
v 0.566346 0.744319 0.065716
v 0.492873 0.830343 0.053166
v 0.513180 0.777178 0.086024
v 0.546039 0.797485 0.032858
v 0.427157 0.789728 0.159497
v 0.447464 0.736563 0.192355
v 0.480322 0.756870 0.139190
v 0.533488 0.724012 0.118882
v 0.553795 0.670846 0.151740
v 0.586654 0.691154 0.098575
v 0.480322 0.756870 0.139190
v 0.533488 0.724012 0.118882
v 0.513180 0.777178 0.086024
v 0.328582 0.728806 0.318994
v 0.369197 0.622475 0.384710
v 0.434913 0.663090 0.278379
v 0.361440 0.749113 0.265828
v 0.381748 0.695948 0.298687
v 0.414606 0.716255 0.245521
v 0.295724 0.708498 0.372160
v 0.316031 0.655333 0.405018
v 0.348889 0.675640 0.351852
v 0.402055 0.642782 0.331545
v 0.422363 0.589616 0.364403
v 0.455221 0.609924 0.311237
v 0.348889 0.675640 0.351852
v 0.402055 0.642782 0.331545
v 0.381748 0.695948 0.298687
v 0.541245 0.597373 0.237764
v 0.581860 0.491042 0.303481
v 0.647576 0.531657 0.197149
v 0.574103 0.617681 0.184598
v 0.594410 0.564515 0.217457
v 0.627269 0.584822 0.164291
v 0.508386 0.577066 0.290930
v 0.528694 0.523900 0.323788
v 0.561552 0.544207 0.270622
v 0.614718 0.511349 0.250315
v 0.635025 0.458184 0.283173
v 0.667883 0.478491 0.230007
v 0.561552 0.544207 0.270622
v 0.614718 0.511349 0.250315
v 0.594410 0.564515 0.217457
v 0.434913 0.663090 0.278379
v 0.541245 0.597373 0.237764
v 0.500630 0.703704 0.172048
v 0.414606 0.716255 0.245521
v 0.467771 0.683397 0.225213
v 0.447464 0.736563 0.192355
v 0.455221 0.609924 0.311237
v 0.508386 0.577066 0.290930
v 0.488079 0.630231 0.258072
v 0.520937 0.650539 0.204906
v 0.574103 0.617681 0.184598
v 0.553795 0.670846 0.151740
v 0.488079 0.630231 0.258072
v 0.520937 0.650539 0.204906
v 0.467771 0.683397 0.225213
v 0.197149 0.647576 0.531657
v 0.237764 0.541245 0.597373
v 0.303481 0.581860 0.491042
v 0.230007 0.667883 0.478491
v 0.250315 0.614718 0.511349
v 0.283173 0.635025 0.458184
v 0.164291 0.627269 0.584822
v 0.184598 0.574103 0.617681
v 0.217457 0.594410 0.564515
v 0.270622 0.561552 0.544207
v 0.290930 0.508386 0.577066
v 0.323788 0.528694 0.523900
v 0.217457 0.594410 0.564515
v 0.270622 0.561552 0.544207
v 0.250315 0.614718 0.511349
v 0.065716 0.566346 0.744319
v 0.106331 0.460015 0.810036
v 0.172048 0.500630 0.703704
v 0.098575 0.586654 0.691154
v 0.118882 0.533488 0.724012
v 0.151740 0.553795 0.670846
v 0.032858 0.546039 0.797485
v 0.053166 0.492873 0.830343
v 0.086024 0.513180 0.777178
v 0.139190 0.480322 0.756870
v 0.159497 0.427157 0.789728
v 0.192355 0.447464 0.736563
v 0.086024 0.513180 0.777178
v 0.139190 0.480322 0.756870
v 0.118882 0.533488 0.724012
v 0.278379 0.434913 0.663090
v 0.318994 0.328582 0.728806
v 0.384710 0.369197 0.622475
v 0.311237 0.455221 0.609924
v 0.331545 0.402055 0.642782
v 0.364403 0.422363 0.589616
v 0.245521 0.414606 0.716255
v 0.265828 0.361440 0.749113
v 0.298687 0.381748 0.695948
v 0.351852 0.348889 0.675640
v 0.372160 0.295724 0.708498
v 0.405018 0.316031 0.655333
v 0.298687 0.381748 0.695948
v 0.351852 0.348889 0.675640
v 0.331545 0.402055 0.642782
v 0.172048 0.500630 0.703704
v 0.278379 0.434913 0.663090
v 0.237764 0.541245 0.597373
v 0.151740 0.553795 0.670846
v 0.204906 0.520937 0.650539
v 0.184598 0.574103 0.617681
v 0.192355 0.447464 0.736563
v 0.245521 0.414606 0.716255
v 0.225213 0.467771 0.683397
v 0.258072 0.488079 0.630231
v 0.311237 0.455221 0.609924
v 0.290930 0.508386 0.577066
v 0.225213 0.467771 0.683397
v 0.258072 0.488079 0.630231
v 0.204906 0.520937 0.650539
v 0.622475 0.384710 0.369197
v 0.663090 0.278379 0.434913
v 0.728806 0.318994 0.328582
v 0.655333 0.405018 0.316031
v 0.675640 0.351852 0.348889
v 0.708498 0.372160 0.295724
v 0.589616 0.364403 0.422363
v 0.609924 0.311237 0.455221
v 0.642782 0.331545 0.402055
v 0.695948 0.298687 0.381748
v 0.716255 0.245521 0.414606
v 0.749113 0.265828 0.361440
v 0.642782 0.331545 0.402055
v 0.695948 0.298687 0.381748
v 0.675640 0.351852 0.348889
v 0.491042 0.303481 0.581860
v 0.531657 0.197149 0.647576
v 0.597373 0.237764 0.541245
v 0.523900 0.323788 0.528694
v 0.544207 0.270622 0.561552
v 0.577066 0.290930 0.508386
v 0.458184 0.283173 0.635025
v 0.478491 0.230007 0.667883
v 0.511349 0.250315 0.614718
v 0.564515 0.217457 0.594410
v 0.584822 0.164291 0.627269
v 0.617681 0.184598 0.574103
v 0.511349 0.250315 0.614718
v 0.564515 0.217457 0.594410
v 0.544207 0.270622 0.561552
v 0.703704 0.172048 0.500630
v 0.744319 0.065716 0.566346
v 0.810036 0.106331 0.460015
v 0.736563 0.192355 0.447464
v 0.756870 0.139190 0.480322
v 0.789728 0.159497 0.427157
v 0.670846 0.151740 0.553795
v 0.691154 0.098575 0.586654
v 0.724012 0.118882 0.533488
v 0.777178 0.086024 0.513180
v 0.797485 0.032858 0.546039
v 0.830343 0.053166 0.492873
v 0.724012 0.118882 0.533488
v 0.777178 0.086024 0.513180
v 0.756870 0.139190 0.480322
v 0.597373 0.237764 0.541245
v 0.703704 0.172048 0.500630
v 0.663090 0.278379 0.434913
v 0.577066 0.290930 0.508386
v 0.630231 0.258072 0.488079
v 0.609924 0.311237 0.455221
v 0.617681 0.184598 0.574103
v 0.670846 0.151740 0.553795
v 0.650539 0.204906 0.520937
v 0.683397 0.225213 0.467771
v 0.736563 0.192355 0.447464
v 0.716255 0.245521 0.414606
v 0.650539 0.204906 0.520937
v 0.683397 0.225213 0.467771
v 0.630231 0.258072 0.488079
v 0.303481 0.581860 0.491042
v 0.409812 0.516143 0.450427
v 0.369197 0.622475 0.384710
v 0.283173 0.635025 0.458184
v 0.336339 0.602167 0.437876
v 0.316031 0.655333 0.405018
v 0.323788 0.528694 0.523900
v 0.376954 0.495836 0.503593
v 0.356646 0.549001 0.470734
v 0.389504 0.569309 0.417569
v 0.442670 0.536451 0.397261
v 0.422363 0.589616 0.364403
v 0.356646 0.549001 0.470734
v 0.389504 0.569309 0.417569
v 0.336339 0.602167 0.437876
v 0.384710 0.369197 0.622475
v 0.491042 0.303481 0.581860
v 0.450427 0.409812 0.516143
v 0.364403 0.422363 0.589616
v 0.417569 0.389504 0.569309
v 0.397261 0.442670 0.536451
v 0.405018 0.316031 0.655333
v 0.458184 0.283173 0.635025
v 0.437876 0.336339 0.602167
v 0.470734 0.356646 0.549001
v 0.523900 0.323788 0.528694
v 0.503593 0.376954 0.495836
v 0.437876 0.336339 0.602167
v 0.470734 0.356646 0.549001
v 0.417569 0.389504 0.569309
v 0.516143 0.450427 0.409812
v 0.622475 0.384710 0.369197
v 0.581860 0.491042 0.303481
v 0.495836 0.503593 0.376954
v 0.549001 0.470734 0.356646
v 0.528694 0.523900 0.323788
v 0.536451 0.397261 0.442670
v 0.589616 0.364403 0.422363
v 0.569309 0.417569 0.389504
v 0.602167 0.437876 0.336339
v 0.655333 0.405018 0.316031
v 0.635025 0.458184 0.283173
v 0.569309 0.417569 0.389504
v 0.602167 0.437876 0.336339
v 0.549001 0.470734 0.356646
v 0.450427 0.409812 0.516143
v 0.516143 0.450427 0.409812
v 0.409812 0.516143 0.450427
v 0.397261 0.442670 0.536451
v 0.430119 0.462978 0.483285
v 0.376954 0.495836 0.503593
v 0.503593 0.376954 0.495836
v 0.536451 0.397261 0.442670
v 0.483285 0.430119 0.462978
v 0.462978 0.483285 0.430119
v 0.495836 0.503593 0.376954
v 0.442670 0.536451 0.397261
v 0.483285 0.430119 0.462978
v 0.462978 0.483285 0.430119
v 0.430119 0.462978 0.483285
v -0.106331 0.460015 0.810036
v -0.106331 0.328582 0.810036
v 0.000000 0.394298 0.850651
v -0.053166 0.492873 0.830343
v -0.053166 0.427157 0.830343
v 0.000000 0.460015 0.850651
v -0.159497 0.427157 0.789728
v -0.159497 0.361440 0.789728
v -0.106331 0.394298 0.810036
v -0.053166 0.361440 0.830343
v -0.053166 0.295724 0.830343
v 0.000000 0.328582 0.850651
v -0.106331 0.394298 0.810036
v -0.053166 0.361440 0.830343
v -0.053166 0.427157 0.830343
v -0.318994 0.328582 0.728806
v -0.318994 0.197149 0.728806
v -0.212663 0.262866 0.769421
v -0.265828 0.361440 0.749113
v -0.265828 0.295724 0.749113
v -0.212663 0.328582 0.769421
v -0.372160 0.295724 0.708498
v -0.372160 0.230007 0.708498
v -0.318994 0.262866 0.728806
v -0.265828 0.230007 0.749113
v -0.265828 0.164291 0.749113
v -0.212663 0.197149 0.769421
v -0.318994 0.262866 0.728806
v -0.265828 0.230007 0.749113
v -0.265828 0.295724 0.749113
v -0.106331 0.197149 0.810036
v -0.106331 0.065716 0.810036
v 0.000000 0.131433 0.850651
v -0.053166 0.230007 0.830343
v -0.053166 0.164291 0.830343
v 0.000000 0.197149 0.850651
v -0.159497 0.164291 0.789728
v -0.159497 0.098575 0.789728
v -0.106331 0.131433 0.810036
v -0.053166 0.098575 0.830343
v -0.053166 0.032858 0.830343
v 0.000000 0.065716 0.850651
v -0.106331 0.131433 0.810036
v -0.053166 0.098575 0.830343
v -0.053166 0.164291 0.830343
v -0.212663 0.262866 0.769421
v -0.106331 0.197149 0.810036
v -0.106331 0.328582 0.810036
v -0.212663 0.328582 0.769421
v -0.159497 0.295724 0.789728
v -0.159497 0.361440 0.789728
v -0.212663 0.197149 0.769421
v -0.159497 0.164291 0.789728
v -0.159497 0.230007 0.789728
v -0.106331 0.262866 0.810036
v -0.053166 0.230007 0.830343
v -0.053166 0.295724 0.830343
v -0.159497 0.230007 0.789728
v -0.106331 0.262866 0.810036
v -0.159497 0.295724 0.789728
v -0.531657 0.197149 0.647576
v -0.531657 0.065716 0.647576
v -0.425325 0.131433 0.688191
v -0.478491 0.230007 0.667883
v -0.478491 0.164291 0.667883
v -0.425325 0.197149 0.688191
v -0.584822 0.164291 0.627269
v -0.584822 0.098575 0.627269
v -0.531657 0.131433 0.647576
v -0.478491 0.098575 0.667883
v -0.478491 0.032858 0.667883
v -0.425325 0.065716 0.688191
v -0.531657 0.131433 0.647576
v -0.478491 0.098575 0.667883
v -0.478491 0.164291 0.667883
v -0.744319 0.065716 0.566346
v -0.744319 -0.065716 0.566346
v -0.637988 0.000000 0.606961
v -0.691154 0.098575 0.586654
v -0.691154 0.032858 0.586654
v -0.637988 0.065716 0.606961
v -0.797485 0.032858 0.546039
v -0.797485 -0.032858 0.546039
v -0.744319 0.000000 0.566346
v -0.691154 -0.032858 0.586654
v -0.691154 -0.098575 0.586654
v -0.637988 -0.065716 0.606961
v -0.744319 0.000000 0.566346
v -0.691154 -0.032858 0.586654
v -0.691154 0.032858 0.586654
v -0.531657 -0.065716 0.647576
v -0.531657 -0.197149 0.647576
v -0.425325 -0.131433 0.688191
v -0.478491 -0.032858 0.667883
v -0.478491 -0.098575 0.667883
v -0.425325 -0.065716 0.688191
v -0.584822 -0.098575 0.627269
v -0.584822 -0.164291 0.627269
v -0.531657 -0.131433 0.647576
v -0.478491 -0.164291 0.667883
v -0.478491 -0.230007 0.667883
v -0.425325 -0.197149 0.688191
v -0.531657 -0.131433 0.647576
v -0.478491 -0.164291 0.667883
v -0.478491 -0.098575 0.667883
v -0.637988 0.000000 0.606961
v -0.531657 -0.065716 0.647576
v -0.531657 0.065716 0.647576
v -0.637988 0.065716 0.606961
v -0.584822 0.032858 0.627269
v -0.584822 0.098575 0.627269
v -0.637988 -0.065716 0.606961
v -0.584822 -0.098575 0.627269
v -0.584822 -0.032858 0.627269
v -0.531657 0.000000 0.647576
v -0.478491 -0.032858 0.667883
v -0.478491 0.032858 0.667883
v -0.584822 -0.032858 0.627269
v -0.531657 0.000000 0.647576
v -0.584822 0.032858 0.627269
v -0.106331 -0.065716 0.810036
v -0.106331 -0.197149 0.810036
v 0.000000 -0.131433 0.850651
v -0.053166 -0.032858 0.830343
v -0.053166 -0.098575 0.830343
v 0.000000 -0.065716 0.850651
v -0.159497 -0.098575 0.789728
v -0.159497 -0.164291 0.789728
v -0.106331 -0.131433 0.810036
v -0.053166 -0.164291 0.830343
v -0.053166 -0.230007 0.830343
v 0.000000 -0.197149 0.850651
v -0.106331 -0.131433 0.810036
v -0.053166 -0.164291 0.830343
v -0.053166 -0.098575 0.830343
v -0.318994 -0.197149 0.728806
v -0.318994 -0.328582 0.728806
v -0.212663 -0.262866 0.769421
v -0.265828 -0.164291 0.749113
v -0.265828 -0.230007 0.749113
v -0.212663 -0.197149 0.769421
v -0.372160 -0.230007 0.708498
v -0.372160 -0.295724 0.708498
v -0.318994 -0.262866 0.728806
v -0.265828 -0.295724 0.749113
v -0.265828 -0.361440 0.749113
v -0.212663 -0.328582 0.769421
v -0.318994 -0.262866 0.728806
v -0.265828 -0.295724 0.749113
v -0.265828 -0.230007 0.749113
v -0.106331 -0.328582 0.810036
v -0.106331 -0.460015 0.810036
v 0.000000 -0.394298 0.850651
v -0.053166 -0.295724 0.830343
v -0.053166 -0.361440 0.830343
v 0.000000 -0.328582 0.850651
v -0.159497 -0.361440 0.789728
v -0.159497 -0.427157 0.789728
v -0.106331 -0.394298 0.810036
v -0.053166 -0.427157 0.830343
v -0.053166 -0.492873 0.830343
v 0.000000 -0.460015 0.850651
v -0.106331 -0.394298 0.810036
v -0.053166 -0.427157 0.830343
v -0.053166 -0.361440 0.830343
v -0.212663 -0.262866 0.769421
v -0.106331 -0.328582 0.810036
v -0.106331 -0.197149 0.810036
v -0.212663 -0.197149 0.769421
v -0.159497 -0.230007 0.789728
v -0.159497 -0.164291 0.789728
v -0.212663 -0.328582 0.769421
v -0.159497 -0.361440 0.789728
v -0.159497 -0.295724 0.789728
v -0.106331 -0.262866 0.810036
v -0.053166 -0.295724 0.830343
v -0.053166 -0.230007 0.830343
v -0.159497 -0.295724 0.789728
v -0.106331 -0.262866 0.810036
v -0.159497 -0.230007 0.789728
v -0.425325 0.131433 0.688191
v -0.318994 0.065716 0.728806
v -0.318994 0.197149 0.728806
v -0.425325 0.197149 0.688191
v -0.372160 0.164291 0.708498
v -0.372160 0.230007 0.708498
v -0.425325 0.065716 0.688191
v -0.372160 0.032858 0.708498
v -0.372160 0.098575 0.708498
v -0.318994 0.131433 0.728806
v -0.265828 0.098575 0.749113
v -0.265828 0.164291 0.749113
v -0.372160 0.098575 0.708498
v -0.318994 0.131433 0.728806
v -0.372160 0.164291 0.708498
v -0.425325 -0.131433 0.688191
v -0.318994 -0.197149 0.728806
v -0.318994 -0.065716 0.728806
v -0.425325 -0.065716 0.688191
v -0.372160 -0.098575 0.708498
v -0.372160 -0.032858 0.708498
v -0.425325 -0.197149 0.688191
v -0.372160 -0.230007 0.708498
v -0.372160 -0.164291 0.708498
v -0.318994 -0.131433 0.728806
v -0.265828 -0.164291 0.749113
v -0.265828 -0.098575 0.749113
v -0.372160 -0.164291 0.708498
v -0.318994 -0.131433 0.728806
v -0.372160 -0.098575 0.708498
v -0.212663 0.000000 0.769421
v -0.106331 -0.065716 0.810036
v -0.106331 0.065716 0.810036
v -0.212663 0.065716 0.769421
v -0.159497 0.032858 0.789728
v -0.159497 0.098575 0.789728
v -0.212663 -0.065716 0.769421
v -0.159497 -0.098575 0.789728
v -0.159497 -0.032858 0.789728
v -0.106331 0.000000 0.810036
v -0.053166 -0.032858 0.830343
v -0.053166 0.032858 0.830343
v -0.159497 -0.032858 0.789728
v -0.106331 0.000000 0.810036
v -0.159497 0.032858 0.789728
v -0.318994 -0.065716 0.728806
v -0.212663 0.000000 0.769421
v -0.318994 0.065716 0.728806
v -0.372160 -0.032858 0.708498
v -0.318994 0.000000 0.728806
v -0.372160 0.032858 0.708498
v -0.265828 -0.098575 0.749113
v -0.212663 -0.065716 0.769421
v -0.265828 -0.032858 0.749113
v -0.265828 0.032858 0.749113
v -0.212663 0.065716 0.769421
v -0.265828 0.098575 0.749113
v -0.265828 -0.032858 0.749113
v -0.265828 0.032858 0.749113
v -0.318994 0.000000 0.728806
v -0.850651 0.000000 0.394298
v -0.810036 -0.106331 0.328582
v -0.810036 -0.106331 0.460015
v -0.850651 0.000000 0.460015
v -0.830343 -0.053166 0.427157
v -0.830343 -0.053166 0.492873
v -0.850651 0.000000 0.328582
v -0.830343 -0.053166 0.295724
v -0.830343 -0.053166 0.361440
v -0.810036 -0.106331 0.394298
v -0.789728 -0.159497 0.361440
v -0.789728 -0.159497 0.427157
v -0.830343 -0.053166 0.361440
v -0.810036 -0.106331 0.394298
v -0.830343 -0.053166 0.427157
v -0.850651 0.000000 0.131433
v -0.810036 -0.106331 0.065716
v -0.810036 -0.106331 0.197149
v -0.850651 0.000000 0.197149
v -0.830343 -0.053166 0.164291
v -0.830343 -0.053166 0.230007
v -0.850651 0.000000 0.065716
v -0.830343 -0.053166 0.032858
v -0.830343 -0.053166 0.098575
v -0.810036 -0.106331 0.131433
v -0.789728 -0.159497 0.098575
v -0.789728 -0.159497 0.164291
v -0.830343 -0.053166 0.098575
v -0.810036 -0.106331 0.131433
v -0.830343 -0.053166 0.164291
v -0.769421 -0.212663 0.262866
v -0.728806 -0.318994 0.197149
v -0.728806 -0.318994 0.328582
v -0.769421 -0.212663 0.328582
v -0.749113 -0.265828 0.295724
v -0.749113 -0.265828 0.361440
v -0.769421 -0.212663 0.197149
v -0.749113 -0.265828 0.164291
v -0.749113 -0.265828 0.230007
v -0.728806 -0.318994 0.262866
v -0.708498 -0.372160 0.230007
v -0.708498 -0.372160 0.295724
v -0.749113 -0.265828 0.230007
v -0.728806 -0.318994 0.262866
v -0.749113 -0.265828 0.295724
v -0.810036 -0.106331 0.197149
v -0.769421 -0.212663 0.262866
v -0.810036 -0.106331 0.328582
v -0.830343 -0.053166 0.230007
v -0.810036 -0.106331 0.262866
v -0.830343 -0.053166 0.295724
v -0.789728 -0.159497 0.164291
v -0.769421 -0.212663 0.197149
v -0.789728 -0.159497 0.230007
v -0.789728 -0.159497 0.295724
v -0.769421 -0.212663 0.328582
v -0.789728 -0.159497 0.361440
v -0.789728 -0.159497 0.230007
v -0.789728 -0.159497 0.295724
v -0.810036 -0.106331 0.262866
v -0.850651 0.000000 -0.131433
v -0.810036 -0.106331 -0.197149
v -0.810036 -0.106331 -0.065716
v -0.850651 0.000000 -0.065716
v -0.830343 -0.053166 -0.098575
v -0.830343 -0.053166 -0.032858
v -0.850651 0.000000 -0.197149
v -0.830343 -0.053166 -0.230007
v -0.830343 -0.053166 -0.164291
v -0.810036 -0.106331 -0.131433
v -0.789728 -0.159497 -0.164291
v -0.789728 -0.159497 -0.098575
v -0.830343 -0.053166 -0.164291
v -0.810036 -0.106331 -0.131433
v -0.830343 -0.053166 -0.098575
v -0.850651 0.000000 -0.394298
v -0.810036 -0.106331 -0.460015
v -0.810036 -0.106331 -0.328582
v -0.850651 0.000000 -0.328582
v -0.830343 -0.053166 -0.361440
v -0.830343 -0.053166 -0.295724
v -0.850651 0.000000 -0.460015
v -0.830343 -0.053166 -0.492873
v -0.830343 -0.053166 -0.427157
v -0.810036 -0.106331 -0.394298
v -0.789728 -0.159497 -0.427157
v -0.789728 -0.159497 -0.361440
v -0.830343 -0.053166 -0.427157
v -0.810036 -0.106331 -0.394298
v -0.830343 -0.053166 -0.361440
v -0.769421 -0.212663 -0.262866
v -0.728806 -0.318994 -0.328582
v -0.728806 -0.318994 -0.197149
v -0.769421 -0.212663 -0.197149
v -0.749113 -0.265828 -0.230007
v -0.749113 -0.265828 -0.164291
v -0.769421 -0.212663 -0.328582
v -0.749113 -0.265828 -0.361440
v -0.749113 -0.265828 -0.295724
v -0.728806 -0.318994 -0.262866
v -0.708498 -0.372160 -0.295724
v -0.708498 -0.372160 -0.230007
v -0.749113 -0.265828 -0.295724
v -0.728806 -0.318994 -0.262866
v -0.749113 -0.265828 -0.230007
v -0.810036 -0.106331 -0.328582
v -0.769421 -0.212663 -0.262866
v -0.810036 -0.106331 -0.197149
v -0.830343 -0.053166 -0.295724
v -0.810036 -0.106331 -0.262866
v -0.830343 -0.053166 -0.230007
v -0.789728 -0.159497 -0.361440
v -0.769421 -0.212663 -0.328582
v -0.789728 -0.159497 -0.295724
v -0.789728 -0.159497 -0.230007
v -0.769421 -0.212663 -0.197149
v -0.789728 -0.159497 -0.164291
v -0.789728 -0.159497 -0.295724
v -0.789728 -0.159497 -0.230007
v -0.810036 -0.106331 -0.262866
v -0.688191 -0.425325 0.131433
v -0.647576 -0.531657 0.065716
v -0.647576 -0.531657 0.197149
v -0.688191 -0.425325 0.197149
v -0.667883 -0.478491 0.164291
v -0.667883 -0.478491 0.230007
v -0.688191 -0.425325 0.065716
v -0.667883 -0.478491 0.032858
v -0.667883 -0.478491 0.098575
v -0.647576 -0.531657 0.131433
v -0.627269 -0.584822 0.098575
v -0.627269 -0.584822 0.164291
v -0.667883 -0.478491 0.098575
v -0.647576 -0.531657 0.131433
v -0.667883 -0.478491 0.164291
v -0.688191 -0.425325 -0.131433
v -0.647576 -0.531657 -0.197149
v -0.647576 -0.531657 -0.065716
v -0.688191 -0.425325 -0.065716
v -0.667883 -0.478491 -0.098575
v -0.667883 -0.478491 -0.032858
v -0.688191 -0.425325 -0.197149
v -0.667883 -0.478491 -0.230007
v -0.667883 -0.478491 -0.164291
v -0.647576 -0.531657 -0.131433
v -0.627269 -0.584822 -0.164291
v -0.627269 -0.584822 -0.098575
v -0.667883 -0.478491 -0.164291
v -0.647576 -0.531657 -0.131433
v -0.667883 -0.478491 -0.098575
v -0.606961 -0.637988 0.000000
v -0.566346 -0.744319 -0.065716
v -0.566346 -0.744319 0.065716
v -0.606961 -0.637988 0.065716
v -0.586654 -0.691154 0.032858
v -0.586654 -0.691154 0.098575
v -0.606961 -0.637988 -0.065716
v -0.586654 -0.691154 -0.098575
v -0.586654 -0.691154 -0.032858
v -0.566346 -0.744319 0.000000
v -0.546039 -0.797485 -0.032858
v -0.546039 -0.797485 0.032858
v -0.586654 -0.691154 -0.032858
v -0.566346 -0.744319 0.000000
v -0.586654 -0.691154 0.032858
v -0.647576 -0.531657 -0.065716
v -0.606961 -0.637988 0.000000
v -0.647576 -0.531657 0.065716
v -0.667883 -0.478491 -0.032858
v -0.647576 -0.531657 0.000000
v -0.667883 -0.478491 0.032858
v -0.627269 -0.584822 -0.098575
v -0.606961 -0.637988 -0.065716
v -0.627269 -0.584822 -0.032858
v -0.627269 -0.584822 0.032858
v -0.606961 -0.637988 0.065716
v -0.627269 -0.584822 0.098575
v -0.627269 -0.584822 -0.032858
v -0.627269 -0.584822 0.032858
v -0.647576 -0.531657 0.000000
v -0.810036 -0.106331 -0.065716
v -0.769421 -0.212663 0.000000
v -0.810036 -0.106331 0.065716
v -0.830343 -0.053166 -0.032858
v -0.810036 -0.106331 0.000000
v -0.830343 -0.053166 0.032858
v -0.789728 -0.159497 -0.098575
v -0.769421 -0.212663 -0.065716
v -0.789728 -0.159497 -0.032858
v -0.789728 -0.159497 0.032858
v -0.769421 -0.212663 0.065716
v -0.789728 -0.159497 0.098575
v -0.789728 -0.159497 -0.032858
v -0.789728 -0.159497 0.032858
v -0.810036 -0.106331 0.000000
v -0.728806 -0.318994 -0.197149
v -0.688191 -0.425325 -0.131433
v -0.728806 -0.318994 -0.065716
v -0.749113 -0.265828 -0.164291
v -0.728806 -0.318994 -0.131433
v -0.749113 -0.265828 -0.098575
v -0.708498 -0.372160 -0.230007
v -0.688191 -0.425325 -0.197149
v -0.708498 -0.372160 -0.164291
v -0.708498 -0.372160 -0.098575
v -0.688191 -0.425325 -0.065716
v -0.708498 -0.372160 -0.032858
v -0.708498 -0.372160 -0.164291
v -0.708498 -0.372160 -0.098575
v -0.728806 -0.318994 -0.131433
v -0.728806 -0.318994 0.065716
v -0.688191 -0.425325 0.131433
v -0.728806 -0.318994 0.197149
v -0.749113 -0.265828 0.098575
v -0.728806 -0.318994 0.131433
v -0.749113 -0.265828 0.164291
v -0.708498 -0.372160 0.032858
v -0.688191 -0.425325 0.065716
v -0.708498 -0.372160 0.098575
v -0.708498 -0.372160 0.164291
v -0.688191 -0.425325 0.197149
v -0.708498 -0.372160 0.230007
v -0.708498 -0.372160 0.098575
v -0.708498 -0.372160 0.164291
v -0.728806 -0.318994 0.131433
v -0.728806 -0.318994 -0.065716
v -0.728806 -0.318994 0.065716
v -0.769421 -0.212663 0.000000
v -0.749113 -0.265828 -0.098575
v -0.749113 -0.265828 -0.032858
v -0.769421 -0.212663 -0.065716
v -0.708498 -0.372160 -0.032858
v -0.708498 -0.372160 0.032858
v -0.728806 -0.318994 0.000000
v -0.749113 -0.265828 0.032858
v -0.749113 -0.265828 0.098575
v -0.769421 -0.212663 0.065716
v -0.728806 -0.318994 0.000000
v -0.749113 -0.265828 0.032858
v -0.749113 -0.265828 -0.032858
v -0.744319 0.065716 -0.566346
v -0.637988 0.000000 -0.606961
v -0.744319 -0.065716 -0.566346
v -0.797485 0.032858 -0.546039
v -0.744319 0.000000 -0.566346
v -0.797485 -0.032858 -0.546039
v -0.691154 0.098575 -0.586654
v -0.637988 0.065716 -0.606961
v -0.691154 0.032858 -0.586654
v -0.691154 -0.032858 -0.586654
v -0.637988 -0.065716 -0.606961
v -0.691154 -0.098575 -0.586654
v -0.691154 0.032858 -0.586654
v -0.691154 -0.032858 -0.586654
v -0.744319 0.000000 -0.566346
v -0.531657 0.197149 -0.647576
v -0.425325 0.131433 -0.688191
v -0.531657 0.065716 -0.647576
v -0.584822 0.164291 -0.627269
v -0.531657 0.131433 -0.647576
v -0.584822 0.098575 -0.627269
v -0.478491 0.230007 -0.667883
v -0.425325 0.197149 -0.688191
v -0.478491 0.164291 -0.667883
v -0.478491 0.098575 -0.667883
v -0.425325 0.065716 -0.688191
v -0.478491 0.032858 -0.667883
v -0.478491 0.164291 -0.667883
v -0.478491 0.098575 -0.667883
v -0.531657 0.131433 -0.647576
v -0.531657 -0.065716 -0.647576
v -0.425325 -0.131433 -0.688191
v -0.531657 -0.197149 -0.647576
v -0.584822 -0.098575 -0.627269
v -0.531657 -0.131433 -0.647576
v -0.584822 -0.164291 -0.627269
v -0.478491 -0.032858 -0.667883
v -0.425325 -0.065716 -0.688191
v -0.478491 -0.098575 -0.667883
v -0.478491 -0.164291 -0.667883
v -0.425325 -0.197149 -0.688191
v -0.478491 -0.230007 -0.667883
v -0.478491 -0.098575 -0.667883
v -0.478491 -0.164291 -0.667883
v -0.531657 -0.131433 -0.647576
v -0.531657 0.065716 -0.647576
v -0.531657 -0.065716 -0.647576
v -0.637988 0.000000 -0.606961
v -0.584822 0.098575 -0.627269
v -0.584822 0.032858 -0.627269
v -0.637988 0.065716 -0.606961
v -0.478491 0.032858 -0.667883
v -0.478491 -0.032858 -0.667883
v -0.531657 0.000000 -0.647576
v -0.584822 -0.032858 -0.627269
v -0.584822 -0.098575 -0.627269
v -0.637988 -0.065716 -0.606961
v -0.531657 0.000000 -0.647576
v -0.584822 -0.032858 -0.627269
v -0.584822 0.032858 -0.627269
v -0.318994 0.328582 -0.728806
v -0.212663 0.262866 -0.769421
v -0.318994 0.197149 -0.728806
v -0.372160 0.295724 -0.708498
v -0.318994 0.262866 -0.728806
v -0.372160 0.230007 -0.708498
v -0.265828 0.361440 -0.749113
v -0.212663 0.328582 -0.769421
v -0.265828 0.295724 -0.749113
v -0.265828 0.230007 -0.749113
v -0.212663 0.197149 -0.769421
v -0.265828 0.164291 -0.749113
v -0.265828 0.295724 -0.749113
v -0.265828 0.230007 -0.749113
v -0.318994 0.262866 -0.728806
v -0.106331 0.460015 -0.810036
v 0.000000 0.394298 -0.850651
v -0.106331 0.328582 -0.810036
v -0.159497 0.427157 -0.789728
v -0.106331 0.394298 -0.810036
v -0.159497 0.361440 -0.789728
v -0.053166 0.492873 -0.830343
v 0.000000 0.460015 -0.850651
v -0.053166 0.427157 -0.830343
v -0.053166 0.361440 -0.830343
v 0.000000 0.328582 -0.850651
v -0.053166 0.295724 -0.830343
v -0.053166 0.427157 -0.830343
v -0.053166 0.361440 -0.830343
v -0.106331 0.394298 -0.810036
v -0.106331 0.197149 -0.810036
v 0.000000 0.131433 -0.850651
v -0.106331 0.065716 -0.810036
v -0.159497 0.164291 -0.789728
v -0.106331 0.131433 -0.810036
v -0.159497 0.098575 -0.789728
v -0.053166 0.230007 -0.830343
v 0.000000 0.197149 -0.850651
v -0.053166 0.164291 -0.830343
v -0.053166 0.098575 -0.830343
v 0.000000 0.065716 -0.850651
v -0.053166 0.032858 -0.830343
v -0.053166 0.164291 -0.830343
v -0.053166 0.098575 -0.830343
v -0.106331 0.131433 -0.810036
v -0.106331 0.328582 -0.810036
v -0.106331 0.197149 -0.810036
v -0.212663 0.262866 -0.769421
v -0.159497 0.361440 -0.789728
v -0.159497 0.295724 -0.789728
v -0.212663 0.328582 -0.769421
v -0.053166 0.295724 -0.830343
v -0.053166 0.230007 -0.830343
v -0.106331 0.262866 -0.810036
v -0.159497 0.230007 -0.789728
v -0.159497 0.164291 -0.789728
v -0.212663 0.197149 -0.769421
v -0.106331 0.262866 -0.810036
v -0.159497 0.230007 -0.789728
v -0.159497 0.295724 -0.789728
v -0.318994 -0.197149 -0.728806
v -0.212663 -0.262866 -0.769421
v -0.318994 -0.328582 -0.728806
v -0.372160 -0.230007 -0.708498
v -0.318994 -0.262866 -0.728806
v -0.372160 -0.295724 -0.708498
v -0.265828 -0.164291 -0.749113
v -0.212663 -0.197149 -0.769421
v -0.265828 -0.230007 -0.749113
v -0.265828 -0.295724 -0.749113
v -0.212663 -0.328582 -0.769421
v -0.265828 -0.361440 -0.749113
v -0.265828 -0.230007 -0.749113
v -0.265828 -0.295724 -0.749113
v -0.318994 -0.262866 -0.728806
v -0.106331 -0.065716 -0.810036
v 0.000000 -0.131433 -0.850651
v -0.106331 -0.197149 -0.810036
v -0.159497 -0.098575 -0.789728
v -0.106331 -0.131433 -0.810036
v -0.159497 -0.164291 -0.789728
v -0.053166 -0.032858 -0.830343
v 0.000000 -0.065716 -0.850651
v -0.053166 -0.098575 -0.830343
v -0.053166 -0.164291 -0.830343
v 0.000000 -0.197149 -0.850651
v -0.053166 -0.230007 -0.830343
v -0.053166 -0.098575 -0.830343
v -0.053166 -0.164291 -0.830343
v -0.106331 -0.131433 -0.810036
v -0.106331 -0.328582 -0.810036
v 0.000000 -0.394298 -0.850651
v -0.106331 -0.460015 -0.810036
v -0.159497 -0.361440 -0.789728
v -0.106331 -0.394298 -0.810036
v -0.159497 -0.427157 -0.789728
v -0.053166 -0.295724 -0.830343
v 0.000000 -0.328582 -0.850651
v -0.053166 -0.361440 -0.830343
v -0.053166 -0.427157 -0.830343
v 0.000000 -0.460015 -0.850651
v -0.053166 -0.492873 -0.830343
v -0.053166 -0.361440 -0.830343
v -0.053166 -0.427157 -0.830343
v -0.106331 -0.394298 -0.810036
v -0.106331 -0.197149 -0.810036
v -0.106331 -0.328582 -0.810036
v -0.212663 -0.262866 -0.769421
v -0.159497 -0.164291 -0.789728
v -0.159497 -0.230007 -0.789728
v -0.212663 -0.197149 -0.769421
v -0.053166 -0.230007 -0.830343
v -0.053166 -0.295724 -0.830343
v -0.106331 -0.262866 -0.810036
v -0.159497 -0.295724 -0.789728
v -0.159497 -0.361440 -0.789728
v -0.212663 -0.328582 -0.769421
v -0.106331 -0.262866 -0.810036
v -0.159497 -0.295724 -0.789728
v -0.159497 -0.230007 -0.789728
v -0.318994 0.197149 -0.728806
v -0.318994 0.065716 -0.728806
v -0.425325 0.131433 -0.688191
v -0.372160 0.230007 -0.708498
v -0.372160 0.164291 -0.708498
v -0.425325 0.197149 -0.688191
v -0.265828 0.164291 -0.749113
v -0.265828 0.098575 -0.749113
v -0.318994 0.131433 -0.728806
v -0.372160 0.098575 -0.708498
v -0.372160 0.032858 -0.708498
v -0.425325 0.065716 -0.688191
v -0.318994 0.131433 -0.728806
v -0.372160 0.098575 -0.708498
v -0.372160 0.164291 -0.708498
v -0.106331 0.065716 -0.810036
v -0.106331 -0.065716 -0.810036
v -0.212663 0.000000 -0.769421
v -0.159497 0.098575 -0.789728
v -0.159497 0.032858 -0.789728
v -0.212663 0.065716 -0.769421
v -0.053166 0.032858 -0.830343
v -0.053166 -0.032858 -0.830343
v -0.106331 0.000000 -0.810036
v -0.159497 -0.032858 -0.789728
v -0.159497 -0.098575 -0.789728
v -0.212663 -0.065716 -0.769421
v -0.106331 0.000000 -0.810036
v -0.159497 -0.032858 -0.789728
v -0.159497 0.032858 -0.789728
v -0.318994 -0.065716 -0.728806
v -0.318994 -0.197149 -0.728806
v -0.425325 -0.131433 -0.688191
v -0.372160 -0.032858 -0.708498
v -0.372160 -0.098575 -0.708498
v -0.425325 -0.065716 -0.688191
v -0.265828 -0.098575 -0.749113
v -0.265828 -0.164291 -0.749113
v -0.318994 -0.131433 -0.728806
v -0.372160 -0.164291 -0.708498
v -0.372160 -0.230007 -0.708498
v -0.425325 -0.197149 -0.688191
v -0.318994 -0.131433 -0.728806
v -0.372160 -0.164291 -0.708498
v -0.372160 -0.098575 -0.708498
v -0.212663 0.000000 -0.769421
v -0.318994 -0.065716 -0.728806
v -0.318994 0.065716 -0.728806
v -0.212663 0.065716 -0.769421
v -0.265828 0.032858 -0.749113
v -0.265828 0.098575 -0.749113
v -0.212663 -0.065716 -0.769421
v -0.265828 -0.098575 -0.749113
v -0.265828 -0.032858 -0.749113
v -0.318994 0.000000 -0.728806
v -0.372160 -0.032858 -0.708498
v -0.372160 0.032858 -0.708498
v -0.265828 -0.032858 -0.749113
v -0.318994 0.000000 -0.728806
v -0.265828 0.032858 -0.749113
v 0.065716 0.566346 -0.744319
v 0.172048 0.500630 -0.703704
v 0.106331 0.460015 -0.810036
v 0.032858 0.546039 -0.797485
v 0.086024 0.513180 -0.777178
v 0.053166 0.492873 -0.830343
v 0.098575 0.586654 -0.691154
v 0.151740 0.553795 -0.670846
v 0.118882 0.533488 -0.724012
v 0.139190 0.480322 -0.756870
v 0.192355 0.447464 -0.736563
v 0.159497 0.427157 -0.789728
v 0.118882 0.533488 -0.724012
v 0.139190 0.480322 -0.756870
v 0.086024 0.513180 -0.777178
v 0.197149 0.647576 -0.531657
v 0.303481 0.581860 -0.491042
v 0.237764 0.541245 -0.597373
v 0.164291 0.627269 -0.584822
v 0.217457 0.594410 -0.564515
v 0.184598 0.574103 -0.617681
v 0.230007 0.667883 -0.478491
v 0.283173 0.635025 -0.458184
v 0.250315 0.614718 -0.511349
v 0.270622 0.561552 -0.544207
v 0.323788 0.528694 -0.523900
v 0.290930 0.508386 -0.577066
v 0.250315 0.614718 -0.511349
v 0.270622 0.561552 -0.544207
v 0.217457 0.594410 -0.564515
v 0.278379 0.434913 -0.663090
v 0.384710 0.369197 -0.622475
v 0.318994 0.328582 -0.728806
v 0.245521 0.414606 -0.716255
v 0.298687 0.381748 -0.695948
v 0.265828 0.361440 -0.749113
v 0.311237 0.455221 -0.609924
v 0.364403 0.422363 -0.589616
v 0.331545 0.402055 -0.642782
v 0.351852 0.348889 -0.675640
v 0.405018 0.316031 -0.655333
v 0.372160 0.295724 -0.708498
v 0.331545 0.402055 -0.642782
v 0.351852 0.348889 -0.675640
v 0.298687 0.381748 -0.695948
v 0.237764 0.541245 -0.597373
v 0.278379 0.434913 -0.663090
v 0.172048 0.500630 -0.703704
v 0.184598 0.574103 -0.617681
v 0.204906 0.520937 -0.650539
v 0.151740 0.553795 -0.670846
v 0.290930 0.508386 -0.577066
v 0.311237 0.455221 -0.609924
v 0.258072 0.488079 -0.630231
v 0.225213 0.467771 -0.683397
v 0.245521 0.414606 -0.716255
v 0.192355 0.447464 -0.736563
v 0.258072 0.488079 -0.630231
v 0.225213 0.467771 -0.683397
v 0.204906 0.520937 -0.650539
v 0.328582 0.728806 -0.318994
v 0.434913 0.663090 -0.278379
v 0.369197 0.622475 -0.384710
v 0.295724 0.708498 -0.372160
v 0.348889 0.675640 -0.351852
v 0.316031 0.655333 -0.405018
v 0.361440 0.749113 -0.265828
v 0.414606 0.716255 -0.245521
v 0.381748 0.695948 -0.298687
v 0.402055 0.642782 -0.331545
v 0.455221 0.609924 -0.311237
v 0.422363 0.589616 -0.364403
v 0.381748 0.695948 -0.298687
v 0.402055 0.642782 -0.331545
v 0.348889 0.675640 -0.351852
v 0.460015 0.810036 -0.106331
v 0.566346 0.744319 -0.065716
v 0.500630 0.703704 -0.172048
v 0.427157 0.789728 -0.159497
v 0.480322 0.756870 -0.139190
v 0.447464 0.736563 -0.192355
v 0.492873 0.830343 -0.053166
v 0.546039 0.797485 -0.032858
v 0.513180 0.777178 -0.086024
v 0.533488 0.724012 -0.118882
v 0.586654 0.691154 -0.098575
v 0.553795 0.670846 -0.151740
v 0.513180 0.777178 -0.086024
v 0.533488 0.724012 -0.118882
v 0.480322 0.756870 -0.139190
v 0.541245 0.597373 -0.237764
v 0.647576 0.531657 -0.197149
v 0.581860 0.491042 -0.303481
v 0.508386 0.577066 -0.290930
v 0.561552 0.544207 -0.270622
v 0.528694 0.523900 -0.323788
v 0.574103 0.617681 -0.184598
v 0.627269 0.584822 -0.164291
v 0.594410 0.564515 -0.217457
v 0.614718 0.511349 -0.250315
v 0.667883 0.478491 -0.230007
v 0.635025 0.458184 -0.283173
v 0.594410 0.564515 -0.217457
v 0.614718 0.511349 -0.250315
v 0.561552 0.544207 -0.270622
v 0.500630 0.703704 -0.172048
v 0.541245 0.597373 -0.237764
v 0.434913 0.663090 -0.278379
v 0.447464 0.736563 -0.192355
v 0.467771 0.683397 -0.225213
v 0.414606 0.716255 -0.245521
v 0.553795 0.670846 -0.151740
v 0.574103 0.617681 -0.184598
v 0.520937 0.650539 -0.204906
v 0.488079 0.630231 -0.258072
v 0.508386 0.577066 -0.290930
v 0.455221 0.609924 -0.311237
v 0.520937 0.650539 -0.204906
v 0.488079 0.630231 -0.258072
v 0.467771 0.683397 -0.225213
v 0.491042 0.303481 -0.581860
v 0.597373 0.237764 -0.541245
v 0.531657 0.197149 -0.647576
v 0.458184 0.283173 -0.635025
v 0.511349 0.250315 -0.614718
v 0.478491 0.230007 -0.667883
v 0.523900 0.323788 -0.528694
v 0.577066 0.290930 -0.508386
v 0.544207 0.270622 -0.561552
v 0.564515 0.217457 -0.594410
v 0.617681 0.184598 -0.574103
v 0.584822 0.164291 -0.627269
v 0.544207 0.270622 -0.561552
v 0.564515 0.217457 -0.594410
v 0.511349 0.250315 -0.614718
v 0.622475 0.384710 -0.369197
v 0.728806 0.318994 -0.328582
v 0.663090 0.278379 -0.434913
v 0.589616 0.364403 -0.422363
v 0.642782 0.331545 -0.402055
v 0.609924 0.311237 -0.455221
v 0.655333 0.405018 -0.316031
v 0.708498 0.372160 -0.295724
v 0.675640 0.351852 -0.348889
v 0.695948 0.298687 -0.381748
v 0.749113 0.265828 -0.361440
v 0.716255 0.245521 -0.414606
v 0.675640 0.351852 -0.348889
v 0.695948 0.298687 -0.381748
v 0.642782 0.331545 -0.402055
v 0.703704 0.172048 -0.500630
v 0.810036 0.106331 -0.460015
v 0.744319 0.065716 -0.566346
v 0.670846 0.151740 -0.553795
v 0.724012 0.118882 -0.533488
v 0.691154 0.098575 -0.586654
v 0.736563 0.192355 -0.447464
v 0.789728 0.159497 -0.427157
v 0.756870 0.139190 -0.480322
v 0.777178 0.086024 -0.513180
v 0.830343 0.053166 -0.492873
v 0.797485 0.032858 -0.546039
v 0.756870 0.139190 -0.480322
v 0.777178 0.086024 -0.513180
v 0.724012 0.118882 -0.533488
v 0.663090 0.278379 -0.434913
v 0.703704 0.172048 -0.500630
v 0.597373 0.237764 -0.541245
v 0.609924 0.311237 -0.455221
v 0.630231 0.258072 -0.488079
v 0.577066 0.290930 -0.508386
v 0.716255 0.245521 -0.414606
v 0.736563 0.192355 -0.447464
v 0.683397 0.225213 -0.467771
v 0.650539 0.204906 -0.520937
v 0.670846 0.151740 -0.553795
v 0.617681 0.184598 -0.574103
v 0.683397 0.225213 -0.467771
v 0.650539 0.204906 -0.520937
v 0.630231 0.258072 -0.488079
v 0.369197 0.622475 -0.384710
v 0.409812 0.516143 -0.450427
v 0.303481 0.581860 -0.491042
v 0.316031 0.655333 -0.405018
v 0.336339 0.602167 -0.437876
v 0.283173 0.635025 -0.458184
v 0.422363 0.589616 -0.364403
v 0.442670 0.536451 -0.397261
v 0.389504 0.569309 -0.417569
v 0.356646 0.549001 -0.470734
v 0.376954 0.495836 -0.503593
v 0.323788 0.528694 -0.523900
v 0.389504 0.569309 -0.417569
v 0.356646 0.549001 -0.470734
v 0.336339 0.602167 -0.437876
v 0.581860 0.491042 -0.303481
v 0.622475 0.384710 -0.369197
v 0.516143 0.450427 -0.409812
v 0.528694 0.523900 -0.323788
v 0.549001 0.470734 -0.356646
v 0.495836 0.503593 -0.376954
v 0.635025 0.458184 -0.283173
v 0.655333 0.405018 -0.316031
v 0.602167 0.437876 -0.336339
v 0.569309 0.417569 -0.389504
v 0.589616 0.364403 -0.422363
v 0.536451 0.397261 -0.442670
v 0.602167 0.437876 -0.336339
v 0.569309 0.417569 -0.389504
v 0.549001 0.470734 -0.356646
v 0.450427 0.409812 -0.516143
v 0.491042 0.303481 -0.581860
v 0.384710 0.369197 -0.622475
v 0.397261 0.442670 -0.536451
v 0.417569 0.389504 -0.569309
v 0.364403 0.422363 -0.589616
v 0.503593 0.376954 -0.495836
v 0.523900 0.323788 -0.528694
v 0.470734 0.356646 -0.549001
v 0.437876 0.336339 -0.602167
v 0.458184 0.283173 -0.635025
v 0.405018 0.316031 -0.655333
v 0.470734 0.356646 -0.549001
v 0.437876 0.336339 -0.602167
v 0.417569 0.389504 -0.569309
v 0.516143 0.450427 -0.409812
v 0.450427 0.409812 -0.516143
v 0.409812 0.516143 -0.450427
v 0.495836 0.503593 -0.376954
v 0.462978 0.483285 -0.430119
v 0.442670 0.536451 -0.397261
v 0.536451 0.397261 -0.442670
v 0.503593 0.376954 -0.495836
v 0.483285 0.430119 -0.462978
v 0.430119 0.462978 -0.483285
v 0.397261 0.442670 -0.536451
v 0.376954 0.495836 -0.503593
v 0.483285 0.430119 -0.462978
v 0.430119 0.462978 -0.483285
v 0.462978 0.483285 -0.430119
v 0.566346 -0.744319 0.065716
v 0.500630 -0.703704 0.172048
v 0.460015 -0.810036 0.106331
v 0.546039 -0.797485 0.032858
v 0.513180 -0.777178 0.086024
v 0.492873 -0.830343 0.053166
v 0.586654 -0.691154 0.098575
v 0.553795 -0.670846 0.151740
v 0.533488 -0.724012 0.118882
v 0.480322 -0.756870 0.139190
v 0.447464 -0.736563 0.192355
v 0.427157 -0.789728 0.159497
v 0.533488 -0.724012 0.118882
v 0.480322 -0.756870 0.139190
v 0.513180 -0.777178 0.086024
v 0.647576 -0.531657 0.197149
v 0.581860 -0.491042 0.303481
v 0.541245 -0.597373 0.237764
v 0.627269 -0.584822 0.164291
v 0.594410 -0.564515 0.217457
v 0.574103 -0.617681 0.184598
v 0.667883 -0.478491 0.230007
v 0.635025 -0.458184 0.283173
v 0.614718 -0.511349 0.250315
v 0.561552 -0.544207 0.270622
v 0.528694 -0.523900 0.323788
v 0.508386 -0.577066 0.290930
v 0.614718 -0.511349 0.250315
v 0.561552 -0.544207 0.270622
v 0.594410 -0.564515 0.217457
v 0.434913 -0.663090 0.278379
v 0.369197 -0.622475 0.384710
v 0.328582 -0.728806 0.318994
v 0.414606 -0.716255 0.245521
v 0.381748 -0.695948 0.298687
v 0.361440 -0.749113 0.265828
v 0.455221 -0.609924 0.311237
v 0.422363 -0.589616 0.364403
v 0.402055 -0.642782 0.331545
v 0.348889 -0.675640 0.351852
v 0.316031 -0.655333 0.405018
v 0.295724 -0.708498 0.372160
v 0.402055 -0.642782 0.331545
v 0.348889 -0.675640 0.351852
v 0.381748 -0.695948 0.298687
v 0.541245 -0.597373 0.237764
v 0.434913 -0.663090 0.278379
v 0.500630 -0.703704 0.172048
v 0.574103 -0.617681 0.184598
v 0.520937 -0.650539 0.204906
v 0.553795 -0.670846 0.151740
v 0.508386 -0.577066 0.290930
v 0.455221 -0.609924 0.311237
v 0.488079 -0.630231 0.258072
v 0.467771 -0.683397 0.225213
v 0.414606 -0.716255 0.245521
v 0.447464 -0.736563 0.192355
v 0.488079 -0.630231 0.258072
v 0.467771 -0.683397 0.225213
v 0.520937 -0.650539 0.204906
v 0.728806 -0.318994 0.328582
v 0.663090 -0.278379 0.434913
v 0.622475 -0.384710 0.369197
v 0.708498 -0.372160 0.295724
v 0.675640 -0.351852 0.348889
v 0.655333 -0.405018 0.316031
v 0.749113 -0.265828 0.361440
v 0.716255 -0.245521 0.414606
v 0.695948 -0.298687 0.381748
v 0.642782 -0.331545 0.402055
v 0.609924 -0.311237 0.455221
v 0.589616 -0.364403 0.422363
v 0.695948 -0.298687 0.381748
v 0.642782 -0.331545 0.402055
v 0.675640 -0.351852 0.348889
v 0.810036 -0.106331 0.460015
v 0.744319 -0.065716 0.566346
v 0.703704 -0.172048 0.500630
v 0.789728 -0.159497 0.427157
v 0.756870 -0.139190 0.480322
v 0.736563 -0.192355 0.447464
v 0.830343 -0.053166 0.492873
v 0.797485 -0.032858 0.546039
v 0.777178 -0.086024 0.513180
v 0.724012 -0.118882 0.533488
v 0.691154 -0.098575 0.586654
v 0.670846 -0.151740 0.553795
v 0.777178 -0.086024 0.513180
v 0.724012 -0.118882 0.533488
v 0.756870 -0.139190 0.480322
v 0.597373 -0.237764 0.541245
v 0.531657 -0.197149 0.647576
v 0.491042 -0.303481 0.581860
v 0.577066 -0.290930 0.508386
v 0.544207 -0.270622 0.561552
v 0.523900 -0.323788 0.528694
v 0.617681 -0.184598 0.574103
v 0.584822 -0.164291 0.627269
v 0.564515 -0.217457 0.594410
v 0.511349 -0.250315 0.614718
v 0.478491 -0.230007 0.667883
v 0.458184 -0.283173 0.635025
v 0.564515 -0.217457 0.594410
v 0.511349 -0.250315 0.614718
v 0.544207 -0.270622 0.561552
v 0.703704 -0.172048 0.500630
v 0.597373 -0.237764 0.541245
v 0.663090 -0.278379 0.434913
v 0.736563 -0.192355 0.447464
v 0.683397 -0.225213 0.467771
v 0.716255 -0.245521 0.414606
v 0.670846 -0.151740 0.553795
v 0.617681 -0.184598 0.574103
v 0.650539 -0.204906 0.520937
v 0.630231 -0.258072 0.488079
v 0.577066 -0.290930 0.508386
v 0.609924 -0.311237 0.455221
v 0.650539 -0.204906 0.520937
v 0.630231 -0.258072 0.488079
v 0.683397 -0.225213 0.467771
v 0.303481 -0.581860 0.491042
v 0.237764 -0.541245 0.597373
v 0.197149 -0.647576 0.531657
v 0.283173 -0.635025 0.458184
v 0.250315 -0.614718 0.511349
v 0.230007 -0.667883 0.478491
v 0.323788 -0.528694 0.523900
v 0.290930 -0.508386 0.577066
v 0.270622 -0.561552 0.544207
v 0.217457 -0.594410 0.564515
v 0.184598 -0.574103 0.617681
v 0.164291 -0.627269 0.584822
v 0.270622 -0.561552 0.544207
v 0.217457 -0.594410 0.564515
v 0.250315 -0.614718 0.511349
v 0.384710 -0.369197 0.622475
v 0.318994 -0.328582 0.728806
v 0.278379 -0.434913 0.663090
v 0.364403 -0.422363 0.589616
v 0.331545 -0.402055 0.642782
v 0.311237 -0.455221 0.609924
v 0.405018 -0.316031 0.655333
v 0.372160 -0.295724 0.708498
v 0.351852 -0.348889 0.675640
v 0.298687 -0.381748 0.695948
v 0.265828 -0.361440 0.749113
v 0.245521 -0.414606 0.716255
v 0.351852 -0.348889 0.675640
v 0.298687 -0.381748 0.695948
v 0.331545 -0.402055 0.642782
v 0.172048 -0.500630 0.703704
v 0.106331 -0.460015 0.810036
v 0.065716 -0.566346 0.744319
v 0.151740 -0.553795 0.670846
v 0.118882 -0.533488 0.724012
v 0.098575 -0.586654 0.691154
v 0.192355 -0.447464 0.736563
v 0.159497 -0.427157 0.789728
v 0.139190 -0.480322 0.756870
v 0.086024 -0.513180 0.777178
v 0.053166 -0.492873 0.830343
v 0.032858 -0.546039 0.797485
v 0.139190 -0.480322 0.756870
v 0.086024 -0.513180 0.777178
v 0.118882 -0.533488 0.724012
v 0.278379 -0.434913 0.663090
v 0.172048 -0.500630 0.703704
v 0.237764 -0.541245 0.597373
v 0.311237 -0.455221 0.609924
v 0.258072 -0.488079 0.630231
v 0.290930 -0.508386 0.577066
v 0.245521 -0.414606 0.716255
v 0.192355 -0.447464 0.736563
v 0.225213 -0.467771 0.683397
v 0.204906 -0.520937 0.650539
v 0.151740 -0.553795 0.670846
v 0.184598 -0.574103 0.617681
v 0.225213 -0.467771 0.683397
v 0.204906 -0.520937 0.650539
v 0.258072 -0.488079 0.630231
v 0.622475 -0.384710 0.369197
v 0.516143 -0.450427 0.409812
v 0.581860 -0.491042 0.303481
v 0.655333 -0.405018 0.316031
v 0.602167 -0.437876 0.336339
v 0.635025 -0.458184 0.283173
v 0.589616 -0.364403 0.422363
v 0.536451 -0.397261 0.442670
v 0.569309 -0.417569 0.389504
v 0.549001 -0.470734 0.356646
v 0.495836 -0.503593 0.376954
v 0.528694 -0.523900 0.323788
v 0.569309 -0.417569 0.389504
v 0.549001 -0.470734 0.356646
v 0.602167 -0.437876 0.336339
v 0.491042 -0.303481 0.581860
v 0.384710 -0.369197 0.622475
v 0.450427 -0.409812 0.516143
v 0.523900 -0.323788 0.528694
v 0.470734 -0.356646 0.549001
v 0.503593 -0.376954 0.495836
v 0.458184 -0.283173 0.635025
v 0.405018 -0.316031 0.655333
v 0.437876 -0.336339 0.602167
v 0.417569 -0.389504 0.569309
v 0.364403 -0.422363 0.589616
v 0.397261 -0.442670 0.536451
v 0.437876 -0.336339 0.602167
v 0.417569 -0.389504 0.569309
v 0.470734 -0.356646 0.549001
v 0.409812 -0.516143 0.450427
v 0.303481 -0.581860 0.491042
v 0.369197 -0.622475 0.384710
v 0.442670 -0.536451 0.397261
v 0.389504 -0.569309 0.417569
v 0.422363 -0.589616 0.364403
v 0.376954 -0.495836 0.503593
v 0.323788 -0.528694 0.523900
v 0.356646 -0.549001 0.470734
v 0.336339 -0.602167 0.437876
v 0.283173 -0.635025 0.458184
v 0.316031 -0.655333 0.405018
v 0.356646 -0.549001 0.470734
v 0.336339 -0.602167 0.437876
v 0.389504 -0.569309 0.417569
v 0.450427 -0.409812 0.516143
v 0.409812 -0.516143 0.450427
v 0.516143 -0.450427 0.409812
v 0.503593 -0.376954 0.495836
v 0.483285 -0.430119 0.462978
v 0.536451 -0.397261 0.442670
v 0.397261 -0.442670 0.536451
v 0.376954 -0.495836 0.503593
v 0.430119 -0.462978 0.483285
v 0.462978 -0.483285 0.430119
v 0.442670 -0.536451 0.397261
v 0.495836 -0.503593 0.376954
v 0.430119 -0.462978 0.483285
v 0.462978 -0.483285 0.430119
v 0.483285 -0.430119 0.462978
v 0.460015 -0.810036 0.106331
v 0.328582 -0.810036 0.106331
v 0.394298 -0.850651 0.000000
v 0.492873 -0.830343 0.053166
v 0.427157 -0.830343 0.053166
v 0.460015 -0.850651 0.000000
v 0.427157 -0.789728 0.159497
v 0.361440 -0.789728 0.159497
v 0.394298 -0.810036 0.106331
v 0.361440 -0.830343 0.053166
v 0.295724 -0.830343 0.053166
v 0.328582 -0.850651 0.000000
v 0.394298 -0.810036 0.106331
v 0.361440 -0.830343 0.053166
v 0.427157 -0.830343 0.053166
v 0.328582 -0.728806 0.318994
v 0.197149 -0.728806 0.318994
v 0.262866 -0.769421 0.212663
v 0.361440 -0.749113 0.265828
v 0.295724 -0.749113 0.265828
v 0.328582 -0.769421 0.212663
v 0.295724 -0.708498 0.372160
v 0.230007 -0.708498 0.372160
v 0.262866 -0.728806 0.318994
v 0.230007 -0.749113 0.265828
v 0.164291 -0.749113 0.265828
v 0.197149 -0.769421 0.212663
v 0.262866 -0.728806 0.318994
v 0.230007 -0.749113 0.265828
v 0.295724 -0.749113 0.265828
v 0.197149 -0.810036 0.106331
v 0.065716 -0.810036 0.106331
v 0.131433 -0.850651 0.000000
v 0.230007 -0.830343 0.053166
v 0.164291 -0.830343 0.053166
v 0.197149 -0.850651 0.000000
v 0.164291 -0.789728 0.159497
v 0.098575 -0.789728 0.159497
v 0.131433 -0.810036 0.106331
v 0.098575 -0.830343 0.053166
v 0.032858 -0.830343 0.053166
v 0.065716 -0.850651 0.000000
v 0.131433 -0.810036 0.106331
v 0.098575 -0.830343 0.053166
v 0.164291 -0.830343 0.053166
v 0.262866 -0.769421 0.212663
v 0.197149 -0.810036 0.106331
v 0.328582 -0.810036 0.106331
v 0.328582 -0.769421 0.212663
v 0.295724 -0.789728 0.159497
v 0.361440 -0.789728 0.159497
v 0.197149 -0.769421 0.212663
v 0.164291 -0.789728 0.159497
v 0.230007 -0.789728 0.159497
v 0.262866 -0.810036 0.106331
v 0.230007 -0.830343 0.053166
v 0.295724 -0.830343 0.053166
v 0.230007 -0.789728 0.159497
v 0.262866 -0.810036 0.106331
v 0.295724 -0.789728 0.159497
v 0.197149 -0.647576 0.531657
v 0.065716 -0.647576 0.531657
v 0.131433 -0.688191 0.425325
v 0.230007 -0.667883 0.478491
v 0.164291 -0.667883 0.478491
v 0.197149 -0.688191 0.425325
v 0.164291 -0.627269 0.584822
v 0.098575 -0.627269 0.584822
v 0.131433 -0.647576 0.531657
v 0.098575 -0.667883 0.478491
v 0.032858 -0.667883 0.478491
v 0.065716 -0.688191 0.425325
v 0.131433 -0.647576 0.531657
v 0.098575 -0.667883 0.478491
v 0.164291 -0.667883 0.478491
v 0.065716 -0.566346 0.744319
v -0.065716 -0.566346 0.744319
v 0.000000 -0.606961 0.637988
v 0.098575 -0.586654 0.691154
v 0.032858 -0.586654 0.691154
v 0.065716 -0.606961 0.637988
v 0.032858 -0.546039 0.797485
v -0.032858 -0.546039 0.797485
v 0.000000 -0.566346 0.744319
v -0.032858 -0.586654 0.691154
v -0.098575 -0.586654 0.691154
v -0.065716 -0.606961 0.637988
v 0.000000 -0.566346 0.744319
v -0.032858 -0.586654 0.691154
v 0.032858 -0.586654 0.691154
v -0.065716 -0.647576 0.531657
v -0.197149 -0.647576 0.531657
v -0.131433 -0.688191 0.425325
v -0.032858 -0.667883 0.478491
v -0.098575 -0.667883 0.478491
v -0.065716 -0.688191 0.425325
v -0.098575 -0.627269 0.584822
v -0.164291 -0.627269 0.584822
v -0.131433 -0.647576 0.531657
v -0.164291 -0.667883 0.478491
v -0.230007 -0.667883 0.478491
v -0.197149 -0.688191 0.425325
v -0.131433 -0.647576 0.531657
v -0.164291 -0.667883 0.478491
v -0.098575 -0.667883 0.478491
v 0.000000 -0.606961 0.637988
v -0.065716 -0.647576 0.531657
v 0.065716 -0.647576 0.531657
v 0.065716 -0.606961 0.637988
v 0.032858 -0.627269 0.584822
v 0.098575 -0.627269 0.584822
v -0.065716 -0.606961 0.637988
v -0.098575 -0.627269 0.584822
v -0.032858 -0.627269 0.584822
v 0.000000 -0.647576 0.531657
v -0.032858 -0.667883 0.478491
v 0.032858 -0.667883 0.478491
v -0.032858 -0.627269 0.584822
v 0.000000 -0.647576 0.531657
v 0.032858 -0.627269 0.584822
v -0.065716 -0.810036 0.106331
v -0.197149 -0.810036 0.106331
v -0.131433 -0.850651 0.000000
v -0.032858 -0.830343 0.053166
v -0.098575 -0.830343 0.053166
v -0.065716 -0.850651 0.000000
v -0.098575 -0.789728 0.159497
v -0.164291 -0.789728 0.159497
v -0.131433 -0.810036 0.106331
v -0.164291 -0.830343 0.053166
v -0.230007 -0.830343 0.053166
v -0.197149 -0.850651 0.000000
v -0.131433 -0.810036 0.106331
v -0.164291 -0.830343 0.053166
v -0.098575 -0.830343 0.053166
v -0.197149 -0.728806 0.318994
v -0.328582 -0.728806 0.318994
v -0.262866 -0.769421 0.212663
v -0.164291 -0.749113 0.265828
v -0.230007 -0.749113 0.265828
v -0.197149 -0.769421 0.212663
v -0.230007 -0.708498 0.372160
v -0.295724 -0.708498 0.372160
v -0.262866 -0.728806 0.318994
v -0.295724 -0.749113 0.265828
v -0.361440 -0.749113 0.265828
v -0.328582 -0.769421 0.212663
v -0.262866 -0.728806 0.318994
v -0.295724 -0.749113 0.265828
v -0.230007 -0.749113 0.265828
v -0.328582 -0.810036 0.106331
v -0.460015 -0.810036 0.106331
v -0.394298 -0.850651 0.000000
v -0.295724 -0.830343 0.053166
v -0.361440 -0.830343 0.053166
v -0.328582 -0.850651 0.000000
v -0.361440 -0.789728 0.159497
v -0.427157 -0.789728 0.159497
v -0.394298 -0.810036 0.106331
v -0.427157 -0.830343 0.053166
v -0.492873 -0.830343 0.053166
v -0.460015 -0.850651 0.000000
v -0.394298 -0.810036 0.106331
v -0.427157 -0.830343 0.053166
v -0.361440 -0.830343 0.053166
v -0.262866 -0.769421 0.212663
v -0.328582 -0.810036 0.106331
v -0.197149 -0.810036 0.106331
v -0.197149 -0.769421 0.212663
v -0.230007 -0.789728 0.159497
v -0.164291 -0.789728 0.159497
v -0.328582 -0.769421 0.212663
v -0.361440 -0.789728 0.159497
v -0.295724 -0.789728 0.159497
v -0.262866 -0.810036 0.106331
v -0.295724 -0.830343 0.053166
v -0.230007 -0.830343 0.053166
v -0.295724 -0.789728 0.159497
v -0.262866 -0.810036 0.106331
v -0.230007 -0.789728 0.159497
v 0.131433 -0.688191 0.425325
v 0.065716 -0.728806 0.318994
v 0.197149 -0.728806 0.318994
v 0.197149 -0.688191 0.425325
v 0.164291 -0.708498 0.372160
v 0.230007 -0.708498 0.372160
v 0.065716 -0.688191 0.425325
v 0.032858 -0.708498 0.372160
v 0.098575 -0.708498 0.372160
v 0.131433 -0.728806 0.318994
v 0.098575 -0.749113 0.265828
v 0.164291 -0.749113 0.265828
v 0.098575 -0.708498 0.372160
v 0.131433 -0.728806 0.318994
v 0.164291 -0.708498 0.372160
v -0.131433 -0.688191 0.425325
v -0.197149 -0.728806 0.318994
v -0.065716 -0.728806 0.318994
v -0.065716 -0.688191 0.425325
v -0.098575 -0.708498 0.372160
v -0.032858 -0.708498 0.372160
v -0.197149 -0.688191 0.425325
v -0.230007 -0.708498 0.372160
v -0.164291 -0.708498 0.372160
v -0.131433 -0.728806 0.318994
v -0.164291 -0.749113 0.265828
v -0.098575 -0.749113 0.265828
v -0.164291 -0.708498 0.372160
v -0.131433 -0.728806 0.318994
v -0.098575 -0.708498 0.372160
v 0.000000 -0.769421 0.212663
v -0.065716 -0.810036 0.106331
v 0.065716 -0.810036 0.106331
v 0.065716 -0.769421 0.212663
v 0.032858 -0.789728 0.159497
v 0.098575 -0.789728 0.159497
v -0.065716 -0.769421 0.212663
v -0.098575 -0.789728 0.159497
v -0.032858 -0.789728 0.159497
v 0.000000 -0.810036 0.106331
v -0.032858 -0.830343 0.053166
v 0.032858 -0.830343 0.053166
v -0.032858 -0.789728 0.159497
v 0.000000 -0.810036 0.106331
v 0.032858 -0.789728 0.159497
v -0.065716 -0.728806 0.318994
v 0.000000 -0.769421 0.212663
v 0.065716 -0.728806 0.318994
v -0.032858 -0.708498 0.372160
v 0.000000 -0.728806 0.318994
v 0.032858 -0.708498 0.372160
v -0.098575 -0.749113 0.265828
v -0.065716 -0.769421 0.212663
v -0.032858 -0.749113 0.265828
v 0.032858 -0.749113 0.265828
v 0.065716 -0.769421 0.212663
v 0.098575 -0.749113 0.265828
v -0.032858 -0.749113 0.265828
v 0.032858 -0.749113 0.265828
v 0.000000 -0.728806 0.318994
v 0.394298 -0.850651 0.000000
v 0.328582 -0.810036 -0.106331
v 0.460015 -0.810036 -0.106331
v 0.460015 -0.850651 0.000000
v 0.427157 -0.830343 -0.053166
v 0.492873 -0.830343 -0.053166
v 0.328582 -0.850651 0.000000
v 0.295724 -0.830343 -0.053166
v 0.361440 -0.830343 -0.053166
v 0.394298 -0.810036 -0.106331
v 0.361440 -0.789728 -0.159497
v 0.427157 -0.789728 -0.159497
v 0.361440 -0.830343 -0.053166
v 0.394298 -0.810036 -0.106331
v 0.427157 -0.830343 -0.053166
v 0.131433 -0.850651 0.000000
v 0.065716 -0.810036 -0.106331
v 0.197149 -0.810036 -0.106331
v 0.197149 -0.850651 0.000000
v 0.164291 -0.830343 -0.053166
v 0.230007 -0.830343 -0.053166
v 0.065716 -0.850651 0.000000
v 0.032858 -0.830343 -0.053166
v 0.098575 -0.830343 -0.053166
v 0.131433 -0.810036 -0.106331
v 0.098575 -0.789728 -0.159497
v 0.164291 -0.789728 -0.159497
v 0.098575 -0.830343 -0.053166
v 0.131433 -0.810036 -0.106331
v 0.164291 -0.830343 -0.053166
v 0.262866 -0.769421 -0.212663
v 0.197149 -0.728806 -0.318994
v 0.328582 -0.728806 -0.318994
v 0.328582 -0.769421 -0.212663
v 0.295724 -0.749113 -0.265828
v 0.361440 -0.749113 -0.265828
v 0.197149 -0.769421 -0.212663
v 0.164291 -0.749113 -0.265828
v 0.230007 -0.749113 -0.265828
v 0.262866 -0.728806 -0.318994
v 0.230007 -0.708498 -0.372160
v 0.295724 -0.708498 -0.372160
v 0.230007 -0.749113 -0.265828
v 0.262866 -0.728806 -0.318994
v 0.295724 -0.749113 -0.265828
v 0.197149 -0.810036 -0.106331
v 0.262866 -0.769421 -0.212663
v 0.328582 -0.810036 -0.106331
v 0.230007 -0.830343 -0.053166
v 0.262866 -0.810036 -0.106331
v 0.295724 -0.830343 -0.053166
v 0.164291 -0.789728 -0.159497
v 0.197149 -0.769421 -0.212663
v 0.230007 -0.789728 -0.159497
v 0.295724 -0.789728 -0.159497
v 0.328582 -0.769421 -0.212663
v 0.361440 -0.789728 -0.159497
v 0.230007 -0.789728 -0.159497
v 0.295724 -0.789728 -0.159497
v 0.262866 -0.810036 -0.106331
v -0.131433 -0.850651 0.000000
v -0.197149 -0.810036 -0.106331
v -0.065716 -0.810036 -0.106331
v -0.065716 -0.850651 0.000000
v -0.098575 -0.830343 -0.053166
v -0.032858 -0.830343 -0.053166
v -0.197149 -0.850651 0.000000
v -0.230007 -0.830343 -0.053166
v -0.164291 -0.830343 -0.053166
v -0.131433 -0.810036 -0.106331
v -0.164291 -0.789728 -0.159497
v -0.098575 -0.789728 -0.159497
v -0.164291 -0.830343 -0.053166
v -0.131433 -0.810036 -0.106331
v -0.098575 -0.830343 -0.053166
v -0.394298 -0.850651 0.000000
v -0.460015 -0.810036 -0.106331
v -0.328582 -0.810036 -0.106331
v -0.328582 -0.850651 0.000000
v -0.361440 -0.830343 -0.053166
v -0.295724 -0.830343 -0.053166
v -0.460015 -0.850651 0.000000
v -0.492873 -0.830343 -0.053166
v -0.427157 -0.830343 -0.053166
v -0.394298 -0.810036 -0.106331
v -0.427157 -0.789728 -0.159497
v -0.361440 -0.789728 -0.159497
v -0.427157 -0.830343 -0.053166
v -0.394298 -0.810036 -0.106331
v -0.361440 -0.830343 -0.053166
v -0.262866 -0.769421 -0.212663
v -0.328582 -0.728806 -0.318994
v -0.197149 -0.728806 -0.318994
v -0.197149 -0.769421 -0.212663
v -0.230007 -0.749113 -0.265828
v -0.164291 -0.749113 -0.265828
v -0.328582 -0.769421 -0.212663
v -0.361440 -0.749113 -0.265828
v -0.295724 -0.749113 -0.265828
v -0.262866 -0.728806 -0.318994
v -0.295724 -0.708498 -0.372160
v -0.230007 -0.708498 -0.372160
v -0.295724 -0.749113 -0.265828
v -0.262866 -0.728806 -0.318994
v -0.230007 -0.749113 -0.265828
v -0.328582 -0.810036 -0.106331
v -0.262866 -0.769421 -0.212663
v -0.197149 -0.810036 -0.106331
v -0.295724 -0.830343 -0.053166
v -0.262866 -0.810036 -0.106331
v -0.230007 -0.830343 -0.053166
v -0.361440 -0.789728 -0.159497
v -0.328582 -0.769421 -0.212663
v -0.295724 -0.789728 -0.159497
v -0.230007 -0.789728 -0.159497
v -0.197149 -0.769421 -0.212663
v -0.164291 -0.789728 -0.159497
v -0.295724 -0.789728 -0.159497
v -0.230007 -0.789728 -0.159497
v -0.262866 -0.810036 -0.106331
v 0.131433 -0.688191 -0.425325
v 0.065716 -0.647576 -0.531657
v 0.197149 -0.647576 -0.531657
v 0.197149 -0.688191 -0.425325
v 0.164291 -0.667883 -0.478491
v 0.230007 -0.667883 -0.478491
v 0.065716 -0.688191 -0.425325
v 0.032858 -0.667883 -0.478491
v 0.098575 -0.667883 -0.478491
v 0.131433 -0.647576 -0.531657
v 0.098575 -0.627269 -0.584822
v 0.164291 -0.627269 -0.584822
v 0.098575 -0.667883 -0.478491
v 0.131433 -0.647576 -0.531657
v 0.164291 -0.667883 -0.478491
v -0.131433 -0.688191 -0.425325
v -0.197149 -0.647576 -0.531657
v -0.065716 -0.647576 -0.531657
v -0.065716 -0.688191 -0.425325
v -0.098575 -0.667883 -0.478491
v -0.032858 -0.667883 -0.478491
v -0.197149 -0.688191 -0.425325
v -0.230007 -0.667883 -0.478491
v -0.164291 -0.667883 -0.478491
v -0.131433 -0.647576 -0.531657
v -0.164291 -0.627269 -0.584822
v -0.098575 -0.627269 -0.584822
v -0.164291 -0.667883 -0.478491
v -0.131433 -0.647576 -0.531657
v -0.098575 -0.667883 -0.478491
v 0.000000 -0.606961 -0.637988
v -0.065716 -0.566346 -0.744319
v 0.065716 -0.566346 -0.744319
v 0.065716 -0.606961 -0.637988
v 0.032858 -0.586654 -0.691154
v 0.098575 -0.586654 -0.691154
v -0.065716 -0.606961 -0.637988
v -0.098575 -0.586654 -0.691154
v -0.032858 -0.586654 -0.691154
v 0.000000 -0.566346 -0.744319
v -0.032858 -0.546039 -0.797485
v 0.032858 -0.546039 -0.797485
v -0.032858 -0.586654 -0.691154
v 0.000000 -0.566346 -0.744319
v 0.032858 -0.586654 -0.691154
v -0.065716 -0.647576 -0.531657
v 0.000000 -0.606961 -0.637988
v 0.065716 -0.647576 -0.531657
v -0.032858 -0.667883 -0.478491
v 0.000000 -0.647576 -0.531657
v 0.032858 -0.667883 -0.478491
v -0.098575 -0.627269 -0.584822
v -0.065716 -0.606961 -0.637988
v -0.032858 -0.627269 -0.584822
v 0.032858 -0.627269 -0.584822
v 0.065716 -0.606961 -0.637988
v 0.098575 -0.627269 -0.584822
v -0.032858 -0.627269 -0.584822
v 0.032858 -0.627269 -0.584822
v 0.000000 -0.647576 -0.531657
v -0.065716 -0.810036 -0.106331
v 0.000000 -0.769421 -0.212663
v 0.065716 -0.810036 -0.106331
v -0.032858 -0.830343 -0.053166
v 0.000000 -0.810036 -0.106331
v 0.032858 -0.830343 -0.053166
v -0.098575 -0.789728 -0.159497
v -0.065716 -0.769421 -0.212663
v -0.032858 -0.789728 -0.159497
v 0.032858 -0.789728 -0.159497
v 0.065716 -0.769421 -0.212663
v 0.098575 -0.789728 -0.159497
v -0.032858 -0.789728 -0.159497
v 0.032858 -0.789728 -0.159497
v 0.000000 -0.810036 -0.106331
v -0.197149 -0.728806 -0.318994
v -0.131433 -0.688191 -0.425325
v -0.065716 -0.728806 -0.318994
v -0.164291 -0.749113 -0.265828
v -0.131433 -0.728806 -0.318994
v -0.098575 -0.749113 -0.265828
v -0.230007 -0.708498 -0.372160
v -0.197149 -0.688191 -0.425325
v -0.164291 -0.708498 -0.372160
v -0.098575 -0.708498 -0.372160
v -0.065716 -0.688191 -0.425325
v -0.032858 -0.708498 -0.372160
v -0.164291 -0.708498 -0.372160
v -0.098575 -0.708498 -0.372160
v -0.131433 -0.728806 -0.318994
v 0.065716 -0.728806 -0.318994
v 0.131433 -0.688191 -0.425325
v 0.197149 -0.728806 -0.318994
v 0.098575 -0.749113 -0.265828
v 0.131433 -0.728806 -0.318994
v 0.164291 -0.749113 -0.265828
v 0.032858 -0.708498 -0.372160
v 0.065716 -0.688191 -0.425325
v 0.098575 -0.708498 -0.372160
v 0.164291 -0.708498 -0.372160
v 0.197149 -0.688191 -0.425325
v 0.230007 -0.708498 -0.372160
v 0.098575 -0.708498 -0.372160
v 0.164291 -0.708498 -0.372160
v 0.131433 -0.728806 -0.318994
v -0.065716 -0.728806 -0.318994
v 0.065716 -0.728806 -0.318994
v 0.000000 -0.769421 -0.212663
v -0.098575 -0.749113 -0.265828
v -0.032858 -0.749113 -0.265828
v -0.065716 -0.769421 -0.212663
v -0.032858 -0.708498 -0.372160
v 0.032858 -0.708498 -0.372160
v 0.000000 -0.728806 -0.318994
v 0.032858 -0.749113 -0.265828
v 0.098575 -0.749113 -0.265828
v 0.065716 -0.769421 -0.212663
v 0.000000 -0.728806 -0.318994
v 0.032858 -0.749113 -0.265828
v -0.032858 -0.749113 -0.265828
v 0.460015 -0.810036 -0.106331
v 0.500630 -0.703704 -0.172048
v 0.566346 -0.744319 -0.065716
v 0.492873 -0.830343 -0.053166
v 0.513180 -0.777178 -0.086024
v 0.546039 -0.797485 -0.032858
v 0.427157 -0.789728 -0.159497
v 0.447464 -0.736563 -0.192355
v 0.480322 -0.756870 -0.139190
v 0.533488 -0.724012 -0.118882
v 0.553795 -0.670846 -0.151740
v 0.586654 -0.691154 -0.098575
v 0.480322 -0.756870 -0.139190
v 0.533488 -0.724012 -0.118882
v 0.513180 -0.777178 -0.086024
v 0.328582 -0.728806 -0.318994
v 0.369197 -0.622475 -0.384710
v 0.434913 -0.663090 -0.278379
v 0.361440 -0.749113 -0.265828
v 0.381748 -0.695948 -0.298687
v 0.414606 -0.716255 -0.245521
v 0.295724 -0.708498 -0.372160
v 0.316031 -0.655333 -0.405018
v 0.348889 -0.675640 -0.351852
v 0.402055 -0.642782 -0.331545
v 0.422363 -0.589616 -0.364403
v 0.455221 -0.609924 -0.311237
v 0.348889 -0.675640 -0.351852
v 0.402055 -0.642782 -0.331545
v 0.381748 -0.695948 -0.298687
v 0.541245 -0.597373 -0.237764
v 0.581860 -0.491042 -0.303481
v 0.647576 -0.531657 -0.197149
v 0.574103 -0.617681 -0.184598
v 0.594410 -0.564515 -0.217457
v 0.627269 -0.584822 -0.164291
v 0.508386 -0.577066 -0.290930
v 0.528694 -0.523900 -0.323788
v 0.561552 -0.544207 -0.270622
v 0.614718 -0.511349 -0.250315
v 0.635025 -0.458184 -0.283173
v 0.667883 -0.478491 -0.230007
v 0.561552 -0.544207 -0.270622
v 0.614718 -0.511349 -0.250315
v 0.594410 -0.564515 -0.217457
v 0.434913 -0.663090 -0.278379
v 0.541245 -0.597373 -0.237764
v 0.500630 -0.703704 -0.172048
v 0.414606 -0.716255 -0.245521
v 0.467771 -0.683397 -0.225213
v 0.447464 -0.736563 -0.192355
v 0.455221 -0.609924 -0.311237
v 0.508386 -0.577066 -0.290930
v 0.488079 -0.630231 -0.258072
v 0.520937 -0.650539 -0.204906
v 0.574103 -0.617681 -0.184598
v 0.553795 -0.670846 -0.151740
v 0.488079 -0.630231 -0.258072
v 0.520937 -0.650539 -0.204906
v 0.467771 -0.683397 -0.225213
v 0.197149 -0.647576 -0.531657
v 0.237764 -0.541245 -0.597373
v 0.303481 -0.581860 -0.491042
v 0.230007 -0.667883 -0.478491
v 0.250315 -0.614718 -0.511349
v 0.283173 -0.635025 -0.458184
v 0.164291 -0.627269 -0.584822
v 0.184598 -0.574103 -0.617681
v 0.217457 -0.594410 -0.564515
v 0.270622 -0.561552 -0.544207
v 0.290930 -0.508386 -0.577066
v 0.323788 -0.528694 -0.523900
v 0.217457 -0.594410 -0.564515
v 0.270622 -0.561552 -0.544207
v 0.250315 -0.614718 -0.511349
v 0.065716 -0.566346 -0.744319
v 0.106331 -0.460015 -0.810036
v 0.172048 -0.500630 -0.703704
v 0.098575 -0.586654 -0.691154
v 0.118882 -0.533488 -0.724012
v 0.151740 -0.553795 -0.670846
v 0.032858 -0.546039 -0.797485
v 0.053166 -0.492873 -0.830343
v 0.086024 -0.513180 -0.777178
v 0.139190 -0.480322 -0.756870
v 0.159497 -0.427157 -0.789728
v 0.192355 -0.447464 -0.736563
v 0.086024 -0.513180 -0.777178
v 0.139190 -0.480322 -0.756870
v 0.118882 -0.533488 -0.724012
v 0.278379 -0.434913 -0.663090
v 0.318994 -0.328582 -0.728806
v 0.384710 -0.369197 -0.622475
v 0.311237 -0.455221 -0.609924
v 0.331545 -0.402055 -0.642782
v 0.364403 -0.422363 -0.589616
v 0.245521 -0.414606 -0.716255
v 0.265828 -0.361440 -0.749113
v 0.298687 -0.381748 -0.695948
v 0.351852 -0.348889 -0.675640
v 0.372160 -0.295724 -0.708498
v 0.405018 -0.316031 -0.655333
v 0.298687 -0.381748 -0.695948
v 0.351852 -0.348889 -0.675640
v 0.331545 -0.402055 -0.642782
v 0.172048 -0.500630 -0.703704
v 0.278379 -0.434913 -0.663090
v 0.237764 -0.541245 -0.597373
v 0.151740 -0.553795 -0.670846
v 0.204906 -0.520937 -0.650539
v 0.184598 -0.574103 -0.617681
v 0.192355 -0.447464 -0.736563
v 0.245521 -0.414606 -0.716255
v 0.225213 -0.467771 -0.683397
v 0.258072 -0.488079 -0.630231
v 0.311237 -0.455221 -0.609924
v 0.290930 -0.508386 -0.577066
v 0.225213 -0.467771 -0.683397
v 0.258072 -0.488079 -0.630231
v 0.204906 -0.520937 -0.650539
v 0.622475 -0.384710 -0.369197
v 0.663090 -0.278379 -0.434913
v 0.728806 -0.318994 -0.328582
v 0.655333 -0.405018 -0.316031
v 0.675640 -0.351852 -0.348889
v 0.708498 -0.372160 -0.295724
v 0.589616 -0.364403 -0.422363
v 0.609924 -0.311237 -0.455221
v 0.642782 -0.331545 -0.402055
v 0.695948 -0.298687 -0.381748
v 0.716255 -0.245521 -0.414606
v 0.749113 -0.265828 -0.361440
v 0.642782 -0.331545 -0.402055
v 0.695948 -0.298687 -0.381748
v 0.675640 -0.351852 -0.348889
v 0.491042 -0.303481 -0.581860
v 0.531657 -0.197149 -0.647576
v 0.597373 -0.237764 -0.541245
v 0.523900 -0.323788 -0.528694
v 0.544207 -0.270622 -0.561552
v 0.577066 -0.290930 -0.508386
v 0.458184 -0.283173 -0.635025
v 0.478491 -0.230007 -0.667883
v 0.511349 -0.250315 -0.614718
v 0.564515 -0.217457 -0.594410
v 0.584822 -0.164291 -0.627269
v 0.617681 -0.184598 -0.574103
v 0.511349 -0.250315 -0.614718
v 0.564515 -0.217457 -0.594410
v 0.544207 -0.270622 -0.561552
v 0.703704 -0.172048 -0.500630
v 0.744319 -0.065716 -0.566346
v 0.810036 -0.106331 -0.460015
v 0.736563 -0.192355 -0.447464
v 0.756870 -0.139190 -0.480322
v 0.789728 -0.159497 -0.427157
v 0.670846 -0.151740 -0.553795
v 0.691154 -0.098575 -0.586654
v 0.724012 -0.118882 -0.533488
v 0.777178 -0.086024 -0.513180
v 0.797485 -0.032858 -0.546039
v 0.830343 -0.053166 -0.492873
v 0.724012 -0.118882 -0.533488
v 0.777178 -0.086024 -0.513180
v 0.756870 -0.139190 -0.480322
v 0.597373 -0.237764 -0.541245
v 0.703704 -0.172048 -0.500630
v 0.663090 -0.278379 -0.434913
v 0.577066 -0.290930 -0.508386
v 0.630231 -0.258072 -0.488079
v 0.609924 -0.311237 -0.455221
v 0.617681 -0.184598 -0.574103
v 0.670846 -0.151740 -0.553795
v 0.650539 -0.204906 -0.520937
v 0.683397 -0.225213 -0.467771
v 0.736563 -0.192355 -0.447464
v 0.716255 -0.245521 -0.414606
v 0.650539 -0.204906 -0.520937
v 0.683397 -0.225213 -0.467771
v 0.630231 -0.258072 -0.488079
v 0.303481 -0.581860 -0.491042
v 0.409812 -0.516143 -0.450427
v 0.369197 -0.622475 -0.384710
v 0.283173 -0.635025 -0.458184
v 0.336339 -0.602167 -0.437876
v 0.316031 -0.655333 -0.405018
v 0.323788 -0.528694 -0.523900
v 0.376954 -0.495836 -0.503593
v 0.356646 -0.549001 -0.470734
v 0.389504 -0.569309 -0.417569
v 0.442670 -0.536451 -0.397261
v 0.422363 -0.589616 -0.364403
v 0.356646 -0.549001 -0.470734
v 0.389504 -0.569309 -0.417569
v 0.336339 -0.602167 -0.437876
v 0.384710 -0.369197 -0.622475
v 0.491042 -0.303481 -0.581860
v 0.450427 -0.409812 -0.516143
v 0.364403 -0.422363 -0.589616
v 0.417569 -0.389504 -0.569309
v 0.397261 -0.442670 -0.536451
v 0.405018 -0.316031 -0.655333
v 0.458184 -0.283173 -0.635025
v 0.437876 -0.336339 -0.602167
v 0.470734 -0.356646 -0.549001
v 0.523900 -0.323788 -0.528694
v 0.503593 -0.376954 -0.495836
v 0.437876 -0.336339 -0.602167
v 0.470734 -0.356646 -0.549001
v 0.417569 -0.389504 -0.569309
v 0.516143 -0.450427 -0.409812
v 0.622475 -0.384710 -0.369197
v 0.581860 -0.491042 -0.303481
v 0.495836 -0.503593 -0.376954
v 0.549001 -0.470734 -0.356646
v 0.528694 -0.523900 -0.323788
v 0.536451 -0.397261 -0.442670
v 0.589616 -0.364403 -0.422363
v 0.569309 -0.417569 -0.389504
v 0.602167 -0.437876 -0.336339
v 0.655333 -0.405018 -0.316031
v 0.635025 -0.458184 -0.283173
v 0.569309 -0.417569 -0.389504
v 0.602167 -0.437876 -0.336339
v 0.549001 -0.470734 -0.356646
v 0.450427 -0.409812 -0.516143
v 0.516143 -0.450427 -0.409812
v 0.409812 -0.516143 -0.450427
v 0.397261 -0.442670 -0.536451
v 0.430119 -0.462978 -0.483285
v 0.376954 -0.495836 -0.503593
v 0.503593 -0.376954 -0.495836
v 0.536451 -0.397261 -0.442670
v 0.483285 -0.430119 -0.462978
v 0.462978 -0.483285 -0.430119
v 0.495836 -0.503593 -0.376954
v 0.442670 -0.536451 -0.397261
v 0.483285 -0.430119 -0.462978
v 0.462978 -0.483285 -0.430119
v 0.430119 -0.462978 -0.483285
v 0.566346 -0.744319 -0.065716
v 0.606961 -0.637988 0.000000
v 0.566346 -0.744319 0.065716
v 0.546039 -0.797485 -0.032858
v 0.566346 -0.744319 0.000000
v 0.546039 -0.797485 0.032858
v 0.586654 -0.691154 -0.098575
v 0.606961 -0.637988 -0.065716
v 0.586654 -0.691154 -0.032858
v 0.586654 -0.691154 0.032858
v 0.606961 -0.637988 0.065716
v 0.586654 -0.691154 0.098575
v 0.586654 -0.691154 -0.032858
v 0.586654 -0.691154 0.032858
v 0.566346 -0.744319 0.000000
v 0.647576 -0.531657 -0.197149
v 0.688191 -0.425325 -0.131433
v 0.647576 -0.531657 -0.065716
v 0.627269 -0.584822 -0.164291
v 0.647576 -0.531657 -0.131433
v 0.627269 -0.584822 -0.098575
v 0.667883 -0.478491 -0.230007
v 0.688191 -0.425325 -0.197149
v 0.667883 -0.478491 -0.164291
v 0.667883 -0.478491 -0.098575
v 0.688191 -0.425325 -0.065716
v 0.667883 -0.478491 -0.032858
v 0.667883 -0.478491 -0.164291
v 0.667883 -0.478491 -0.098575
v 0.647576 -0.531657 -0.131433
v 0.647576 -0.531657 0.065716
v 0.688191 -0.425325 0.131433
v 0.647576 -0.531657 0.197149
v 0.627269 -0.584822 0.098575
v 0.647576 -0.531657 0.131433
v 0.627269 -0.584822 0.164291
v 0.667883 -0.478491 0.032858
v 0.688191 -0.425325 0.065716
v 0.667883 -0.478491 0.098575
v 0.667883 -0.478491 0.164291
v 0.688191 -0.425325 0.197149
v 0.667883 -0.478491 0.230007
v 0.667883 -0.478491 0.098575
v 0.667883 -0.478491 0.164291
v 0.647576 -0.531657 0.131433
v 0.647576 -0.531657 -0.065716
v 0.647576 -0.531657 0.065716
v 0.606961 -0.637988 0.000000
v 0.627269 -0.584822 -0.098575
v 0.627269 -0.584822 -0.032858
v 0.606961 -0.637988 -0.065716
v 0.667883 -0.478491 -0.032858
v 0.667883 -0.478491 0.032858
v 0.647576 -0.531657 0.000000
v 0.627269 -0.584822 0.032858
v 0.627269 -0.584822 0.098575
v 0.606961 -0.637988 0.065716
v 0.647576 -0.531657 0.000000
v 0.627269 -0.584822 0.032858
v 0.627269 -0.584822 -0.032858
v 0.728806 -0.318994 -0.328582
v 0.769421 -0.212663 -0.262866
v 0.728806 -0.318994 -0.197149
v 0.708498 -0.372160 -0.295724
v 0.728806 -0.318994 -0.262866
v 0.708498 -0.372160 -0.230007
v 0.749113 -0.265828 -0.361440
v 0.769421 -0.212663 -0.328582
v 0.749113 -0.265828 -0.295724
v 0.749113 -0.265828 -0.230007
v 0.769421 -0.212663 -0.197149
v 0.749113 -0.265828 -0.164291
v 0.749113 -0.265828 -0.295724
v 0.749113 -0.265828 -0.230007
v 0.728806 -0.318994 -0.262866
v 0.810036 -0.106331 -0.460015
v 0.850651 0.000000 -0.394298
v 0.810036 -0.106331 -0.328582
v 0.789728 -0.159497 -0.427157
v 0.810036 -0.106331 -0.394298
v 0.789728 -0.159497 -0.361440
v 0.830343 -0.053166 -0.492873
v 0.850651 0.000000 -0.460015
v 0.830343 -0.053166 -0.427157
v 0.830343 -0.053166 -0.361440
v 0.850651 0.000000 -0.328582
v 0.830343 -0.053166 -0.295724
v 0.830343 -0.053166 -0.427157
v 0.830343 -0.053166 -0.361440
v 0.810036 -0.106331 -0.394298
v 0.810036 -0.106331 -0.197149
v 0.850651 0.000000 -0.131433
v 0.810036 -0.106331 -0.065716
v 0.789728 -0.159497 -0.164291
v 0.810036 -0.106331 -0.131433
v 0.789728 -0.159497 -0.098575
v 0.830343 -0.053166 -0.230007
v 0.850651 0.000000 -0.197149
v 0.830343 -0.053166 -0.164291
v 0.830343 -0.053166 -0.098575
v 0.850651 0.000000 -0.065716
v 0.830343 -0.053166 -0.032858
v 0.830343 -0.053166 -0.164291
v 0.830343 -0.053166 -0.098575
v 0.810036 -0.106331 -0.131433
v 0.810036 -0.106331 -0.328582
v 0.810036 -0.106331 -0.197149
v 0.769421 -0.212663 -0.262866
v 0.789728 -0.159497 -0.361440
v 0.789728 -0.159497 -0.295724
v 0.769421 -0.212663 -0.328582
v 0.830343 -0.053166 -0.295724
v 0.830343 -0.053166 -0.230007
v 0.810036 -0.106331 -0.262866
v 0.789728 -0.159497 -0.230007
v 0.789728 -0.159497 -0.164291
v 0.769421 -0.212663 -0.197149
v 0.810036 -0.106331 -0.262866
v 0.789728 -0.159497 -0.230007
v 0.789728 -0.159497 -0.295724
v 0.728806 -0.318994 0.197149
v 0.769421 -0.212663 0.262866
v 0.728806 -0.318994 0.328582
v 0.708498 -0.372160 0.230007
v 0.728806 -0.318994 0.262866
v 0.708498 -0.372160 0.295724
v 0.749113 -0.265828 0.164291
v 0.769421 -0.212663 0.197149
v 0.749113 -0.265828 0.230007
v 0.749113 -0.265828 0.295724
v 0.769421 -0.212663 0.328582
v 0.749113 -0.265828 0.361440
v 0.749113 -0.265828 0.230007
v 0.749113 -0.265828 0.295724
v 0.728806 -0.318994 0.262866
v 0.810036 -0.106331 0.065716
v 0.850651 0.000000 0.131433
v 0.810036 -0.106331 0.197149
v 0.789728 -0.159497 0.098575
v 0.810036 -0.106331 0.131433
v 0.789728 -0.159497 0.164291
v 0.830343 -0.053166 0.032858
v 0.850651 0.000000 0.065716
v 0.830343 -0.053166 0.098575
v 0.830343 -0.053166 0.164291
v 0.850651 0.000000 0.197149
v 0.830343 -0.053166 0.230007
v 0.830343 -0.053166 0.098575
v 0.830343 -0.053166 0.164291
v 0.810036 -0.106331 0.131433
v 0.810036 -0.106331 0.328582
v 0.850651 0.000000 0.394298
v 0.810036 -0.106331 0.460015
v 0.789728 -0.159497 0.361440
v 0.810036 -0.106331 0.394298
v 0.789728 -0.159497 0.427157
v 0.830343 -0.053166 0.295724
v 0.850651 0.000000 0.328582
v 0.830343 -0.053166 0.361440
v 0.830343 -0.053166 0.427157
v 0.850651 0.000000 0.460015
v 0.830343 -0.053166 0.492873
v 0.830343 -0.053166 0.361440
v 0.830343 -0.053166 0.427157
v 0.810036 -0.106331 0.394298
v 0.810036 -0.106331 0.197149
v 0.810036 -0.106331 0.328582
v 0.769421 -0.212663 0.262866
v 0.789728 -0.159497 0.164291
v 0.789728 -0.159497 0.230007
v 0.769421 -0.212663 0.197149
v 0.830343 -0.053166 0.230007
v 0.830343 -0.053166 0.295724
v 0.810036 -0.106331 0.262866
v 0.789728 -0.159497 0.295724
v 0.789728 -0.159497 0.361440
v 0.769421 -0.212663 0.328582
v 0.810036 -0.106331 0.262866
v 0.789728 -0.159497 0.295724
v 0.789728 -0.159497 0.230007
v 0.728806 -0.318994 -0.197149
v 0.728806 -0.318994 -0.065716
v 0.688191 -0.425325 -0.131433
v 0.708498 -0.372160 -0.230007
v 0.708498 -0.372160 -0.164291
v 0.688191 -0.425325 -0.197149
v 0.749113 -0.265828 -0.164291
v 0.749113 -0.265828 -0.098575
v 0.728806 -0.318994 -0.131433
v 0.708498 -0.372160 -0.098575
v 0.708498 -0.372160 -0.032858
v 0.688191 -0.425325 -0.065716
v 0.728806 -0.318994 -0.131433
v 0.708498 -0.372160 -0.098575
v 0.708498 -0.372160 -0.164291
v 0.810036 -0.106331 -0.065716
v 0.810036 -0.106331 0.065716
v 0.769421 -0.212663 0.000000
v 0.789728 -0.159497 -0.098575
v 0.789728 -0.159497 -0.032858
v 0.769421 -0.212663 -0.065716
v 0.830343 -0.053166 -0.032858
v 0.830343 -0.053166 0.032858
v 0.810036 -0.106331 0.000000
v 0.789728 -0.159497 0.032858
v 0.789728 -0.159497 0.098575
v 0.769421 -0.212663 0.065716
v 0.810036 -0.106331 0.000000
v 0.789728 -0.159497 0.032858
v 0.789728 -0.159497 -0.032858
v 0.728806 -0.318994 0.065716
v 0.728806 -0.318994 0.197149
v 0.688191 -0.425325 0.131433
v 0.708498 -0.372160 0.032858
v 0.708498 -0.372160 0.098575
v 0.688191 -0.425325 0.065716
v 0.749113 -0.265828 0.098575
v 0.749113 -0.265828 0.164291
v 0.728806 -0.318994 0.131433
v 0.708498 -0.372160 0.164291
v 0.708498 -0.372160 0.230007
v 0.688191 -0.425325 0.197149
v 0.728806 -0.318994 0.131433
v 0.708498 -0.372160 0.164291
v 0.708498 -0.372160 0.098575
v 0.769421 -0.212663 0.000000
v 0.728806 -0.318994 0.065716
v 0.728806 -0.318994 -0.065716
v 0.769421 -0.212663 -0.065716
v 0.749113 -0.265828 -0.032858
v 0.749113 -0.265828 -0.098575
v 0.769421 -0.212663 0.065716
v 0.749113 -0.265828 0.098575
v 0.749113 -0.265828 0.032858
v 0.728806 -0.318994 0.000000
v 0.708498 -0.372160 0.032858
v 0.708498 -0.372160 -0.032858
v 0.749113 -0.265828 0.032858
v 0.728806 -0.318994 0.000000
v 0.749113 -0.265828 -0.032858
v 0.106331 -0.460015 0.810036
v 0.106331 -0.328582 0.810036
v 0.000000 -0.394298 0.850651
v 0.053166 -0.492873 0.830343
v 0.053166 -0.427157 0.830343
v 0.000000 -0.460015 0.850651
v 0.159497 -0.427157 0.789728
v 0.159497 -0.361440 0.789728
v 0.106331 -0.394298 0.810036
v 0.053166 -0.361440 0.830343
v 0.053166 -0.295724 0.830343
v 0.000000 -0.328582 0.850651
v 0.106331 -0.394298 0.810036
v 0.053166 -0.361440 0.830343
v 0.053166 -0.427157 0.830343
v 0.318994 -0.328582 0.728806
v 0.318994 -0.197149 0.728806
v 0.212663 -0.262866 0.769421
v 0.265828 -0.361440 0.749113
v 0.265828 -0.295724 0.749113
v 0.212663 -0.328582 0.769421
v 0.372160 -0.295724 0.708498
v 0.372160 -0.230007 0.708498
v 0.318994 -0.262866 0.728806
v 0.265828 -0.230007 0.749113
v 0.265828 -0.164291 0.749113
v 0.212663 -0.197149 0.769421
v 0.318994 -0.262866 0.728806
v 0.265828 -0.230007 0.749113
v 0.265828 -0.295724 0.749113
v 0.106331 -0.197149 0.810036
v 0.106331 -0.065716 0.810036
v 0.000000 -0.131433 0.850651
v 0.053166 -0.230007 0.830343
v 0.053166 -0.164291 0.830343
v 0.000000 -0.197149 0.850651
v 0.159497 -0.164291 0.789728
v 0.159497 -0.098575 0.789728
v 0.106331 -0.131433 0.810036
v 0.053166 -0.098575 0.830343
v 0.053166 -0.032858 0.830343
v 0.000000 -0.065716 0.850651
v 0.106331 -0.131433 0.810036
v 0.053166 -0.098575 0.830343
v 0.053166 -0.164291 0.830343
v 0.212663 -0.262866 0.769421
v 0.106331 -0.197149 0.810036
v 0.106331 -0.328582 0.810036
v 0.212663 -0.328582 0.769421
v 0.159497 -0.295724 0.789728
v 0.159497 -0.361440 0.789728
v 0.212663 -0.197149 0.769421
v 0.159497 -0.164291 0.789728
v 0.159497 -0.230007 0.789728
v 0.106331 -0.262866 0.810036
v 0.053166 -0.230007 0.830343
v 0.053166 -0.295724 0.830343
v 0.159497 -0.230007 0.789728
v 0.106331 -0.262866 0.810036
v 0.159497 -0.295724 0.789728
v 0.531657 -0.197149 0.647576
v 0.531657 -0.065716 0.647576
v 0.425325 -0.131433 0.688191
v 0.478491 -0.230007 0.667883
v 0.478491 -0.164291 0.667883
v 0.425325 -0.197149 0.688191
v 0.584822 -0.164291 0.627269
v 0.584822 -0.098575 0.627269
v 0.531657 -0.131433 0.647576
v 0.478491 -0.098575 0.667883
v 0.478491 -0.032858 0.667883
v 0.425325 -0.065716 0.688191
v 0.531657 -0.131433 0.647576
v 0.478491 -0.098575 0.667883
v 0.478491 -0.164291 0.667883
v 0.744319 -0.065716 0.566346
v 0.744319 0.065716 0.566346
v 0.637988 0.000000 0.606961
v 0.691154 -0.098575 0.586654
v 0.691154 -0.032858 0.586654
v 0.637988 -0.065716 0.606961
v 0.797485 -0.032858 0.546039
v 0.797485 0.032858 0.546039
v 0.744319 0.000000 0.566346
v 0.691154 0.032858 0.586654
v 0.691154 0.098575 0.586654
v 0.637988 0.065716 0.606961
v 0.744319 0.000000 0.566346
v 0.691154 0.032858 0.586654
v 0.691154 -0.032858 0.586654
v 0.531657 0.065716 0.647576
v 0.531657 0.197149 0.647576
v 0.425325 0.131433 0.688191
v 0.478491 0.032858 0.667883
v 0.478491 0.098575 0.667883
v 0.425325 0.065716 0.688191
v 0.584822 0.098575 0.627269
v 0.584822 0.164291 0.627269
v 0.531657 0.131433 0.647576
v 0.478491 0.164291 0.667883
v 0.478491 0.230007 0.667883
v 0.425325 0.197149 0.688191
v 0.531657 0.131433 0.647576
v 0.478491 0.164291 0.667883
v 0.478491 0.098575 0.667883
v 0.637988 0.000000 0.606961
v 0.531657 0.065716 0.647576
v 0.531657 -0.065716 0.647576
v 0.637988 -0.065716 0.606961
v 0.584822 -0.032858 0.627269
v 0.584822 -0.098575 0.627269
v 0.637988 0.065716 0.606961
v 0.584822 0.098575 0.627269
v 0.584822 0.032858 0.627269
v 0.531657 0.000000 0.647576
v 0.478491 0.032858 0.667883
v 0.478491 -0.032858 0.667883
v 0.584822 0.032858 0.627269
v 0.531657 0.000000 0.647576
v 0.584822 -0.032858 0.627269
v 0.106331 0.065716 0.810036
v 0.106331 0.197149 0.810036
v 0.000000 0.131433 0.850651
v 0.053166 0.032858 0.830343
v 0.053166 0.098575 0.830343
v 0.000000 0.065716 0.850651
v 0.159497 0.098575 0.789728
v 0.159497 0.164291 0.789728
v 0.106331 0.131433 0.810036
v 0.053166 0.164291 0.830343
v 0.053166 0.230007 0.830343
v 0.000000 0.197149 0.850651
v 0.106331 0.131433 0.810036
v 0.053166 0.164291 0.830343
v 0.053166 0.098575 0.830343
v 0.318994 0.197149 0.728806
v 0.318994 0.328582 0.728806
v 0.212663 0.262866 0.769421
v 0.265828 0.164291 0.749113
v 0.265828 0.230007 0.749113
v 0.212663 0.197149 0.769421
v 0.372160 0.230007 0.708498
v 0.372160 0.295724 0.708498
v 0.318994 0.262866 0.728806
v 0.265828 0.295724 0.749113
v 0.265828 0.361440 0.749113
v 0.212663 0.328582 0.769421
v 0.318994 0.262866 0.728806
v 0.265828 0.295724 0.749113
v 0.265828 0.230007 0.749113
v 0.106331 0.328582 0.810036
v 0.106331 0.460015 0.810036
v 0.000000 0.394298 0.850651
v 0.053166 0.295724 0.830343
v 0.053166 0.361440 0.830343
v 0.000000 0.328582 0.850651
v 0.159497 0.361440 0.789728
v 0.159497 0.427157 0.789728
v 0.106331 0.394298 0.810036
v 0.053166 0.427157 0.830343
v 0.053166 0.492873 0.830343
v 0.000000 0.460015 0.850651
v 0.106331 0.394298 0.810036
v 0.053166 0.427157 0.830343
v 0.053166 0.361440 0.830343
v 0.212663 0.262866 0.769421
v 0.106331 0.328582 0.810036
v 0.106331 0.197149 0.810036
v 0.212663 0.197149 0.769421
v 0.159497 0.230007 0.789728
v 0.159497 0.164291 0.789728
v 0.212663 0.328582 0.769421
v 0.159497 0.361440 0.789728
v 0.159497 0.295724 0.789728
v 0.106331 0.262866 0.810036
v 0.053166 0.295724 0.830343
v 0.053166 0.230007 0.830343
v 0.159497 0.295724 0.789728
v 0.106331 0.262866 0.810036
v 0.159497 0.230007 0.789728
v 0.425325 -0.131433 0.688191
v 0.318994 -0.065716 0.728806
v 0.318994 -0.197149 0.728806
v 0.425325 -0.197149 0.688191
v 0.372160 -0.164291 0.708498
v 0.372160 -0.230007 0.708498
v 0.425325 -0.065716 0.688191
v 0.372160 -0.032858 0.708498
v 0.372160 -0.098575 0.708498
v 0.318994 -0.131433 0.728806
v 0.265828 -0.098575 0.749113
v 0.265828 -0.164291 0.749113
v 0.372160 -0.098575 0.708498
v 0.318994 -0.131433 0.728806
v 0.372160 -0.164291 0.708498
v 0.425325 0.131433 0.688191
v 0.318994 0.197149 0.728806
v 0.318994 0.065716 0.728806
v 0.425325 0.065716 0.688191
v 0.372160 0.098575 0.708498
v 0.372160 0.032858 0.708498
v 0.425325 0.197149 0.688191
v 0.372160 0.230007 0.708498
v 0.372160 0.164291 0.708498
v 0.318994 0.131433 0.728806
v 0.265828 0.164291 0.749113
v 0.265828 0.098575 0.749113
v 0.372160 0.164291 0.708498
v 0.318994 0.131433 0.728806
v 0.372160 0.098575 0.708498
v 0.212663 0.000000 0.769421
v 0.106331 0.065716 0.810036
v 0.106331 -0.065716 0.810036
v 0.212663 -0.065716 0.769421
v 0.159497 -0.032858 0.789728
v 0.159497 -0.098575 0.789728
v 0.212663 0.065716 0.769421
v 0.159497 0.098575 0.789728
v 0.159497 0.032858 0.789728
v 0.106331 0.000000 0.810036
v 0.053166 0.032858 0.830343
v 0.053166 -0.032858 0.830343
v 0.159497 0.032858 0.789728
v 0.106331 0.000000 0.810036
v 0.159497 -0.032858 0.789728
v 0.318994 0.065716 0.728806
v 0.212663 0.000000 0.769421
v 0.318994 -0.065716 0.728806
v 0.372160 0.032858 0.708498
v 0.318994 0.000000 0.728806
v 0.372160 -0.032858 0.708498
v 0.265828 0.098575 0.749113
v 0.212663 0.065716 0.769421
v 0.265828 0.032858 0.749113
v 0.265828 -0.032858 0.749113
v 0.212663 -0.065716 0.769421
v 0.265828 -0.098575 0.749113
v 0.265828 0.032858 0.749113
v 0.265828 -0.032858 0.749113
v 0.318994 0.000000 0.728806
v -0.460015 -0.810036 0.106331
v -0.500630 -0.703704 0.172048
v -0.566346 -0.744319 0.065716
v -0.492873 -0.830343 0.053166
v -0.513180 -0.777178 0.086024
v -0.546039 -0.797485 0.032858
v -0.427157 -0.789728 0.159497
v -0.447464 -0.736563 0.192355
v -0.480322 -0.756870 0.139190
v -0.533488 -0.724012 0.118882
v -0.553795 -0.670846 0.151740
v -0.586654 -0.691154 0.098575
v -0.480322 -0.756870 0.139190
v -0.533488 -0.724012 0.118882
v -0.513180 -0.777178 0.086024
v -0.328582 -0.728806 0.318994
v -0.369197 -0.622475 0.384710
v -0.434913 -0.663090 0.278379
v -0.361440 -0.749113 0.265828
v -0.381748 -0.695948 0.298687
v -0.414606 -0.716255 0.245521
v -0.295724 -0.708498 0.372160
v -0.316031 -0.655333 0.405018
v -0.348889 -0.675640 0.351852
v -0.402055 -0.642782 0.331545
v -0.422363 -0.589616 0.364403
v -0.455221 -0.609924 0.311237
v -0.348889 -0.675640 0.351852
v -0.402055 -0.642782 0.331545
v -0.381748 -0.695948 0.298687
v -0.541245 -0.597373 0.237764
v -0.581860 -0.491042 0.303481
v -0.647576 -0.531657 0.197149
v -0.574103 -0.617681 0.184598
v -0.594410 -0.564515 0.217457
v -0.627269 -0.584822 0.164291
v -0.508386 -0.577066 0.290930
v -0.528694 -0.523900 0.323788
v -0.561552 -0.544207 0.270622
v -0.614718 -0.511349 0.250315
v -0.635025 -0.458184 0.283173
v -0.667883 -0.478491 0.230007
v -0.561552 -0.544207 0.270622
v -0.614718 -0.511349 0.250315
v -0.594410 -0.564515 0.217457
v -0.434913 -0.663090 0.278379
v -0.541245 -0.597373 0.237764
v -0.500630 -0.703704 0.172048
v -0.414606 -0.716255 0.245521
v -0.467771 -0.683397 0.225213
v -0.447464 -0.736563 0.192355
v -0.455221 -0.609924 0.311237
v -0.508386 -0.577066 0.290930
v -0.488079 -0.630231 0.258072
v -0.520937 -0.650539 0.204906
v -0.574103 -0.617681 0.184598
v -0.553795 -0.670846 0.151740
v -0.488079 -0.630231 0.258072
v -0.520937 -0.650539 0.204906
v -0.467771 -0.683397 0.225213
v -0.197149 -0.647576 0.531657
v -0.237764 -0.541245 0.597373
v -0.303481 -0.581860 0.491042
v -0.230007 -0.667883 0.478491
v -0.250315 -0.614718 0.511349
v -0.283173 -0.635025 0.458184
v -0.164291 -0.627269 0.584822
v -0.184598 -0.574103 0.617681
v -0.217457 -0.594410 0.564515
v -0.270622 -0.561552 0.544207
v -0.290930 -0.508386 0.577066
v -0.323788 -0.528694 0.523900
v -0.217457 -0.594410 0.564515
v -0.270622 -0.561552 0.544207
v -0.250315 -0.614718 0.511349
v -0.065716 -0.566346 0.744319
v -0.106331 -0.460015 0.810036
v -0.172048 -0.500630 0.703704
v -0.098575 -0.586654 0.691154
v -0.118882 -0.533488 0.724012
v -0.151740 -0.553795 0.670846
v -0.032858 -0.546039 0.797485
v -0.053166 -0.492873 0.830343
v -0.086024 -0.513180 0.777178
v -0.139190 -0.480322 0.756870
v -0.159497 -0.427157 0.789728
v -0.192355 -0.447464 0.736563
v -0.086024 -0.513180 0.777178
v -0.139190 -0.480322 0.756870
v -0.118882 -0.533488 0.724012
v -0.278379 -0.434913 0.663090
v -0.318994 -0.328582 0.728806
v -0.384710 -0.369197 0.622475
v -0.311237 -0.455221 0.609924
v -0.331545 -0.402055 0.642782
v -0.364403 -0.422363 0.589616
v -0.245521 -0.414606 0.716255
v -0.265828 -0.361440 0.749113
v -0.298687 -0.381748 0.695948
v -0.351852 -0.348889 0.675640
v -0.372160 -0.295724 0.708498
v -0.405018 -0.316031 0.655333
v -0.298687 -0.381748 0.695948
v -0.351852 -0.348889 0.675640
v -0.331545 -0.402055 0.642782
v -0.172048 -0.500630 0.703704
v -0.278379 -0.434913 0.663090
v -0.237764 -0.541245 0.597373
v -0.151740 -0.553795 0.670846
v -0.204906 -0.520937 0.650539
v -0.184598 -0.574103 0.617681
v -0.192355 -0.447464 0.736563
v -0.245521 -0.414606 0.716255
v -0.225213 -0.467771 0.683397
v -0.258072 -0.488079 0.630231
v -0.311237 -0.455221 0.609924
v -0.290930 -0.508386 0.577066
v -0.225213 -0.467771 0.683397
v -0.258072 -0.488079 0.630231
v -0.204906 -0.520937 0.650539
v -0.622475 -0.384710 0.369197
v -0.663090 -0.278379 0.434913
v -0.728806 -0.318994 0.328582
v -0.655333 -0.405018 0.316031
v -0.675640 -0.351852 0.348889
v -0.708498 -0.372160 0.295724
v -0.589616 -0.364403 0.422363
v -0.609924 -0.311237 0.455221
v -0.642782 -0.331545 0.402055
v -0.695948 -0.298687 0.381748
v -0.716255 -0.245521 0.414606
v -0.749113 -0.265828 0.361440
v -0.642782 -0.331545 0.402055
v -0.695948 -0.298687 0.381748
v -0.675640 -0.351852 0.348889
v -0.491042 -0.303481 0.581860
v -0.531657 -0.197149 0.647576
v -0.597373 -0.237764 0.541245
v -0.523900 -0.323788 0.528694
v -0.544207 -0.270622 0.561552
v -0.577066 -0.290930 0.508386
v -0.458184 -0.283173 0.635025
v -0.478491 -0.230007 0.667883
v -0.511349 -0.250315 0.614718
v -0.564515 -0.217457 0.594410
v -0.584822 -0.164291 0.627269
v -0.617681 -0.184598 0.574103
v -0.511349 -0.250315 0.614718
v -0.564515 -0.217457 0.594410
v -0.544207 -0.270622 0.561552
v -0.703704 -0.172048 0.500630
v -0.744319 -0.065716 0.566346
v -0.810036 -0.106331 0.460015
v -0.736563 -0.192355 0.447464
v -0.756870 -0.139190 0.480322
v -0.789728 -0.159497 0.427157
v -0.670846 -0.151740 0.553795
v -0.691154 -0.098575 0.586654
v -0.724012 -0.118882 0.533488
v -0.777178 -0.086024 0.513180
v -0.797485 -0.032858 0.546039
v -0.830343 -0.053166 0.492873
v -0.724012 -0.118882 0.533488
v -0.777178 -0.086024 0.513180
v -0.756870 -0.139190 0.480322
v -0.597373 -0.237764 0.541245
v -0.703704 -0.172048 0.500630
v -0.663090 -0.278379 0.434913
v -0.577066 -0.290930 0.508386
v -0.630231 -0.258072 0.488079
v -0.609924 -0.311237 0.455221
v -0.617681 -0.184598 0.574103
v -0.670846 -0.151740 0.553795
v -0.650539 -0.204906 0.520937
v -0.683397 -0.225213 0.467771
v -0.736563 -0.192355 0.447464
v -0.716255 -0.245521 0.414606
v -0.650539 -0.204906 0.520937
v -0.683397 -0.225213 0.467771
v -0.630231 -0.258072 0.488079
v -0.303481 -0.581860 0.491042
v -0.409812 -0.516143 0.450427
v -0.369197 -0.622475 0.384710
v -0.283173 -0.635025 0.458184
v -0.336339 -0.602167 0.437876
v -0.316031 -0.655333 0.405018
v -0.323788 -0.528694 0.523900
v -0.376954 -0.495836 0.503593
v -0.356646 -0.549001 0.470734
v -0.389504 -0.569309 0.417569
v -0.442670 -0.536451 0.397261
v -0.422363 -0.589616 0.364403
v -0.356646 -0.549001 0.470734
v -0.389504 -0.569309 0.417569
v -0.336339 -0.602167 0.437876
v -0.384710 -0.369197 0.622475
v -0.491042 -0.303481 0.581860
v -0.450427 -0.409812 0.516143
v -0.364403 -0.422363 0.589616
v -0.417569 -0.389504 0.569309
v -0.397261 -0.442670 0.536451
v -0.405018 -0.316031 0.655333
v -0.458184 -0.283173 0.635025
v -0.437876 -0.336339 0.602167
v -0.470734 -0.356646 0.549001
v -0.523900 -0.323788 0.528694
v -0.503593 -0.376954 0.495836
v -0.437876 -0.336339 0.602167
v -0.470734 -0.356646 0.549001
v -0.417569 -0.389504 0.569309
v -0.516143 -0.450427 0.409812
v -0.622475 -0.384710 0.369197
v -0.581860 -0.491042 0.303481
v -0.495836 -0.503593 0.376954
v -0.549001 -0.470734 0.356646
v -0.528694 -0.523900 0.323788
v -0.536451 -0.397261 0.442670
v -0.589616 -0.364403 0.422363
v -0.569309 -0.417569 0.389504
v -0.602167 -0.437876 0.336339
v -0.655333 -0.405018 0.316031
v -0.635025 -0.458184 0.283173
v -0.569309 -0.417569 0.389504
v -0.602167 -0.437876 0.336339
v -0.549001 -0.470734 0.356646
v -0.450427 -0.409812 0.516143
v -0.516143 -0.450427 0.409812
v -0.409812 -0.516143 0.450427
v -0.397261 -0.442670 0.536451
v -0.430119 -0.462978 0.483285
v -0.376954 -0.495836 0.503593
v -0.503593 -0.376954 0.495836
v -0.536451 -0.397261 0.442670
v -0.483285 -0.430119 0.462978
v -0.462978 -0.483285 0.430119
v -0.495836 -0.503593 0.376954
v -0.442670 -0.536451 0.397261
v -0.483285 -0.430119 0.462978
v -0.462978 -0.483285 0.430119
v -0.430119 -0.462978 0.483285
v -0.065716 -0.566346 -0.744319
v -0.172048 -0.500630 -0.703704
v -0.106331 -0.460015 -0.810036
v -0.032858 -0.546039 -0.797485
v -0.086024 -0.513180 -0.777178
v -0.053166 -0.492873 -0.830343
v -0.098575 -0.586654 -0.691154
v -0.151740 -0.553795 -0.670846
v -0.118882 -0.533488 -0.724012
v -0.139190 -0.480322 -0.756870
v -0.192355 -0.447464 -0.736563
v -0.159497 -0.427157 -0.789728
v -0.118882 -0.533488 -0.724012
v -0.139190 -0.480322 -0.756870
v -0.086024 -0.513180 -0.777178
v -0.197149 -0.647576 -0.531657
v -0.303481 -0.581860 -0.491042
v -0.237764 -0.541245 -0.597373
v -0.164291 -0.627269 -0.584822
v -0.217457 -0.594410 -0.564515
v -0.184598 -0.574103 -0.617681
v -0.230007 -0.667883 -0.478491
v -0.283173 -0.635025 -0.458184
v -0.250315 -0.614718 -0.511349
v -0.270622 -0.561552 -0.544207
v -0.323788 -0.528694 -0.523900
v -0.290930 -0.508386 -0.577066
v -0.250315 -0.614718 -0.511349
v -0.270622 -0.561552 -0.544207
v -0.217457 -0.594410 -0.564515
v -0.278379 -0.434913 -0.663090
v -0.384710 -0.369197 -0.622475
v -0.318994 -0.328582 -0.728806
v -0.245521 -0.414606 -0.716255
v -0.298687 -0.381748 -0.695948
v -0.265828 -0.361440 -0.749113
v -0.311237 -0.455221 -0.609924
v -0.364403 -0.422363 -0.589616
v -0.331545 -0.402055 -0.642782
v -0.351852 -0.348889 -0.675640
v -0.405018 -0.316031 -0.655333
v -0.372160 -0.295724 -0.708498
v -0.331545 -0.402055 -0.642782
v -0.351852 -0.348889 -0.675640
v -0.298687 -0.381748 -0.695948
v -0.237764 -0.541245 -0.597373
v -0.278379 -0.434913 -0.663090
v -0.172048 -0.500630 -0.703704
v -0.184598 -0.574103 -0.617681
v -0.204906 -0.520937 -0.650539
v -0.151740 -0.553795 -0.670846
v -0.290930 -0.508386 -0.577066
v -0.311237 -0.455221 -0.609924
v -0.258072 -0.488079 -0.630231
v -0.225213 -0.467771 -0.683397
v -0.245521 -0.414606 -0.716255
v -0.192355 -0.447464 -0.736563
v -0.258072 -0.488079 -0.630231
v -0.225213 -0.467771 -0.683397
v -0.204906 -0.520937 -0.650539
v -0.328582 -0.728806 -0.318994
v -0.434913 -0.663090 -0.278379
v -0.369197 -0.622475 -0.384710
v -0.295724 -0.708498 -0.372160
v -0.348889 -0.675640 -0.351852
v -0.316031 -0.655333 -0.405018
v -0.361440 -0.749113 -0.265828
v -0.414606 -0.716255 -0.245521
v -0.381748 -0.695948 -0.298687
v -0.402055 -0.642782 -0.331545
v -0.455221 -0.609924 -0.311237
v -0.422363 -0.589616 -0.364403
v -0.381748 -0.695948 -0.298687
v -0.402055 -0.642782 -0.331545
v -0.348889 -0.675640 -0.351852
v -0.460015 -0.810036 -0.106331
v -0.566346 -0.744319 -0.065716
v -0.500630 -0.703704 -0.172048
v -0.427157 -0.789728 -0.159497
v -0.480322 -0.756870 -0.139190
v -0.447464 -0.736563 -0.192355
v -0.492873 -0.830343 -0.053166
v -0.546039 -0.797485 -0.032858
v -0.513180 -0.777178 -0.086024
v -0.533488 -0.724012 -0.118882
v -0.586654 -0.691154 -0.098575
v -0.553795 -0.670846 -0.151740
v -0.513180 -0.777178 -0.086024
v -0.533488 -0.724012 -0.118882
v -0.480322 -0.756870 -0.139190
v -0.541245 -0.597373 -0.237764
v -0.647576 -0.531657 -0.197149
v -0.581860 -0.491042 -0.303481
v -0.508386 -0.577066 -0.290930
v -0.561552 -0.544207 -0.270622
v -0.528694 -0.523900 -0.323788
v -0.574103 -0.617681 -0.184598
v -0.627269 -0.584822 -0.164291
v -0.594410 -0.564515 -0.217457
v -0.614718 -0.511349 -0.250315
v -0.667883 -0.478491 -0.230007
v -0.635025 -0.458184 -0.283173
v -0.594410 -0.564515 -0.217457
v -0.614718 -0.511349 -0.250315
v -0.561552 -0.544207 -0.270622
v -0.500630 -0.703704 -0.172048
v -0.541245 -0.597373 -0.237764
v -0.434913 -0.663090 -0.278379
v -0.447464 -0.736563 -0.192355
v -0.467771 -0.683397 -0.225213
v -0.414606 -0.716255 -0.245521
v -0.553795 -0.670846 -0.151740
v -0.574103 -0.617681 -0.184598
v -0.520937 -0.650539 -0.204906
v -0.488079 -0.630231 -0.258072
v -0.508386 -0.577066 -0.290930
v -0.455221 -0.609924 -0.311237
v -0.520937 -0.650539 -0.204906
v -0.488079 -0.630231 -0.258072
v -0.467771 -0.683397 -0.225213
v -0.491042 -0.303481 -0.581860
v -0.597373 -0.237764 -0.541245
v -0.531657 -0.197149 -0.647576
v -0.458184 -0.283173 -0.635025
v -0.511349 -0.250315 -0.614718
v -0.478491 -0.230007 -0.667883
v -0.523900 -0.323788 -0.528694
v -0.577066 -0.290930 -0.508386
v -0.544207 -0.270622 -0.561552
v -0.564515 -0.217457 -0.594410
v -0.617681 -0.184598 -0.574103
v -0.584822 -0.164291 -0.627269
v -0.544207 -0.270622 -0.561552
v -0.564515 -0.217457 -0.594410
v -0.511349 -0.250315 -0.614718
v -0.622475 -0.384710 -0.369197
v -0.728806 -0.318994 -0.328582
v -0.663090 -0.278379 -0.434913
v -0.589616 -0.364403 -0.422363
v -0.642782 -0.331545 -0.402055
v -0.609924 -0.311237 -0.455221
v -0.655333 -0.405018 -0.316031
v -0.708498 -0.372160 -0.295724
v -0.675640 -0.351852 -0.348889
v -0.695948 -0.298687 -0.381748
v -0.749113 -0.265828 -0.361440
v -0.716255 -0.245521 -0.414606
v -0.675640 -0.351852 -0.348889
v -0.695948 -0.298687 -0.381748
v -0.642782 -0.331545 -0.402055
v -0.703704 -0.172048 -0.500630
v -0.810036 -0.106331 -0.460015
v -0.744319 -0.065716 -0.566346
v -0.670846 -0.151740 -0.553795
v -0.724012 -0.118882 -0.533488
v -0.691154 -0.098575 -0.586654
v -0.736563 -0.192355 -0.447464
v -0.789728 -0.159497 -0.427157
v -0.756870 -0.139190 -0.480322
v -0.777178 -0.086024 -0.513180
v -0.830343 -0.053166 -0.492873
v -0.797485 -0.032858 -0.546039
v -0.756870 -0.139190 -0.480322
v -0.777178 -0.086024 -0.513180
v -0.724012 -0.118882 -0.533488
v -0.663090 -0.278379 -0.434913
v -0.703704 -0.172048 -0.500630
v -0.597373 -0.237764 -0.541245
v -0.609924 -0.311237 -0.455221
v -0.630231 -0.258072 -0.488079
v -0.577066 -0.290930 -0.508386
v -0.716255 -0.245521 -0.414606
v -0.736563 -0.192355 -0.447464
v -0.683397 -0.225213 -0.467771
v -0.650539 -0.204906 -0.520937
v -0.670846 -0.151740 -0.553795
v -0.617681 -0.184598 -0.574103
v -0.683397 -0.225213 -0.467771
v -0.650539 -0.204906 -0.520937
v -0.630231 -0.258072 -0.488079
v -0.369197 -0.622475 -0.384710
v -0.409812 -0.516143 -0.450427
v -0.303481 -0.581860 -0.491042
v -0.316031 -0.655333 -0.405018
v -0.336339 -0.602167 -0.437876
v -0.283173 -0.635025 -0.458184
v -0.422363 -0.589616 -0.364403
v -0.442670 -0.536451 -0.397261
v -0.389504 -0.569309 -0.417569
v -0.356646 -0.549001 -0.470734
v -0.376954 -0.495836 -0.503593
v -0.323788 -0.528694 -0.523900
v -0.389504 -0.569309 -0.417569
v -0.356646 -0.549001 -0.470734
v -0.336339 -0.602167 -0.437876
v -0.581860 -0.491042 -0.303481
v -0.622475 -0.384710 -0.369197
v -0.516143 -0.450427 -0.409812
v -0.528694 -0.523900 -0.323788
v -0.549001 -0.470734 -0.356646
v -0.495836 -0.503593 -0.376954
v -0.635025 -0.458184 -0.283173
v -0.655333 -0.405018 -0.316031
v -0.602167 -0.437876 -0.336339
v -0.569309 -0.417569 -0.389504
v -0.589616 -0.364403 -0.422363
v -0.536451 -0.397261 -0.442670
v -0.602167 -0.437876 -0.336339
v -0.569309 -0.417569 -0.389504
v -0.549001 -0.470734 -0.356646
v -0.450427 -0.409812 -0.516143
v -0.491042 -0.303481 -0.581860
v -0.384710 -0.369197 -0.622475
v -0.397261 -0.442670 -0.536451
v -0.417569 -0.389504 -0.569309
v -0.364403 -0.422363 -0.589616
v -0.503593 -0.376954 -0.495836
v -0.523900 -0.323788 -0.528694
v -0.470734 -0.356646 -0.549001
v -0.437876 -0.336339 -0.602167
v -0.458184 -0.283173 -0.635025
v -0.405018 -0.316031 -0.655333
v -0.470734 -0.356646 -0.549001
v -0.437876 -0.336339 -0.602167
v -0.417569 -0.389504 -0.569309
v -0.516143 -0.450427 -0.409812
v -0.450427 -0.409812 -0.516143
v -0.409812 -0.516143 -0.450427
v -0.495836 -0.503593 -0.376954
v -0.462978 -0.483285 -0.430119
v -0.442670 -0.536451 -0.397261
v -0.536451 -0.397261 -0.442670
v -0.503593 -0.376954 -0.495836
v -0.483285 -0.430119 -0.462978
v -0.430119 -0.462978 -0.483285
v -0.397261 -0.442670 -0.536451
v -0.376954 -0.495836 -0.503593
v -0.483285 -0.430119 -0.462978
v -0.430119 -0.462978 -0.483285
v -0.462978 -0.483285 -0.430119
v 0.744319 -0.065716 -0.566346
v 0.637988 0.000000 -0.606961
v 0.744319 0.065716 -0.566346
v 0.797485 -0.032858 -0.546039
v 0.744319 0.000000 -0.566346
v 0.797485 0.032858 -0.546039
v 0.691154 -0.098575 -0.586654
v 0.637988 -0.065716 -0.606961
v 0.691154 -0.032858 -0.586654
v 0.691154 0.032858 -0.586654
v 0.637988 0.065716 -0.606961
v 0.691154 0.098575 -0.586654
v 0.691154 -0.032858 -0.586654
v 0.691154 0.032858 -0.586654
v 0.744319 0.000000 -0.566346
v 0.531657 -0.197149 -0.647576
v 0.425325 -0.131433 -0.688191
v 0.531657 -0.065716 -0.647576
v 0.584822 -0.164291 -0.627269
v 0.531657 -0.131433 -0.647576
v 0.584822 -0.098575 -0.627269
v 0.478491 -0.230007 -0.667883
v 0.425325 -0.197149 -0.688191
v 0.478491 -0.164291 -0.667883
v 0.478491 -0.098575 -0.667883
v 0.425325 -0.065716 -0.688191
v 0.478491 -0.032858 -0.667883
v 0.478491 -0.164291 -0.667883
v 0.478491 -0.098575 -0.667883
v 0.531657 -0.131433 -0.647576
v 0.531657 0.065716 -0.647576
v 0.425325 0.131433 -0.688191
v 0.531657 0.197149 -0.647576
v 0.584822 0.098575 -0.627269
v 0.531657 0.131433 -0.647576
v 0.584822 0.164291 -0.627269
v 0.478491 0.032858 -0.667883
v 0.425325 0.065716 -0.688191
v 0.478491 0.098575 -0.667883
v 0.478491 0.164291 -0.667883
v 0.425325 0.197149 -0.688191
v 0.478491 0.230007 -0.667883
v 0.478491 0.098575 -0.667883
v 0.478491 0.164291 -0.667883
v 0.531657 0.131433 -0.647576
v 0.531657 -0.065716 -0.647576
v 0.531657 0.065716 -0.647576
v 0.637988 0.000000 -0.606961
v 0.584822 -0.098575 -0.627269
v 0.584822 -0.032858 -0.627269
v 0.637988 -0.065716 -0.606961
v 0.478491 -0.032858 -0.667883
v 0.478491 0.032858 -0.667883
v 0.531657 0.000000 -0.647576
v 0.584822 0.032858 -0.627269
v 0.584822 0.098575 -0.627269
v 0.637988 0.065716 -0.606961
v 0.531657 0.000000 -0.647576
v 0.584822 0.032858 -0.627269
v 0.584822 -0.032858 -0.627269
v 0.318994 -0.328582 -0.728806
v 0.212663 -0.262866 -0.769421
v 0.318994 -0.197149 -0.728806
v 0.372160 -0.295724 -0.708498
v 0.318994 -0.262866 -0.728806
v 0.372160 -0.230007 -0.708498
v 0.265828 -0.361440 -0.749113
v 0.212663 -0.328582 -0.769421
v 0.265828 -0.295724 -0.749113
v 0.265828 -0.230007 -0.749113
v 0.212663 -0.197149 -0.769421
v 0.265828 -0.164291 -0.749113
v 0.265828 -0.295724 -0.749113
v 0.265828 -0.230007 -0.749113
v 0.318994 -0.262866 -0.728806
v 0.106331 -0.460015 -0.810036
v 0.000000 -0.394298 -0.850651
v 0.106331 -0.328582 -0.810036
v 0.159497 -0.427157 -0.789728
v 0.106331 -0.394298 -0.810036
v 0.159497 -0.361440 -0.789728
v 0.053166 -0.492873 -0.830343
v 0.000000 -0.460015 -0.850651
v 0.053166 -0.427157 -0.830343
v 0.053166 -0.361440 -0.830343
v 0.000000 -0.328582 -0.850651
v 0.053166 -0.295724 -0.830343
v 0.053166 -0.427157 -0.830343
v 0.053166 -0.361440 -0.830343
v 0.106331 -0.394298 -0.810036
v 0.106331 -0.197149 -0.810036
v 0.000000 -0.131433 -0.850651
v 0.106331 -0.065716 -0.810036
v 0.159497 -0.164291 -0.789728
v 0.106331 -0.131433 -0.810036
v 0.159497 -0.098575 -0.789728
v 0.053166 -0.230007 -0.830343
v 0.000000 -0.197149 -0.850651
v 0.053166 -0.164291 -0.830343
v 0.053166 -0.098575 -0.830343
v 0.000000 -0.065716 -0.850651
v 0.053166 -0.032858 -0.830343
v 0.053166 -0.164291 -0.830343
v 0.053166 -0.098575 -0.830343
v 0.106331 -0.131433 -0.810036
v 0.106331 -0.328582 -0.810036
v 0.106331 -0.197149 -0.810036
v 0.212663 -0.262866 -0.769421
v 0.159497 -0.361440 -0.789728
v 0.159497 -0.295724 -0.789728
v 0.212663 -0.328582 -0.769421
v 0.053166 -0.295724 -0.830343
v 0.053166 -0.230007 -0.830343
v 0.106331 -0.262866 -0.810036
v 0.159497 -0.230007 -0.789728
v 0.159497 -0.164291 -0.789728
v 0.212663 -0.197149 -0.769421
v 0.106331 -0.262866 -0.810036
v 0.159497 -0.230007 -0.789728
v 0.159497 -0.295724 -0.789728
v 0.318994 0.197149 -0.728806
v 0.212663 0.262866 -0.769421
v 0.318994 0.328582 -0.728806
v 0.372160 0.230007 -0.708498
v 0.318994 0.262866 -0.728806
v 0.372160 0.295724 -0.708498
v 0.265828 0.164291 -0.749113
v 0.212663 0.197149 -0.769421
v 0.265828 0.230007 -0.749113
v 0.265828 0.295724 -0.749113
v 0.212663 0.328582 -0.769421
v 0.265828 0.361440 -0.749113
v 0.265828 0.230007 -0.749113
v 0.265828 0.295724 -0.749113
v 0.318994 0.262866 -0.728806
v 0.106331 0.065716 -0.810036
v 0.000000 0.131433 -0.850651
v 0.106331 0.197149 -0.810036
v 0.159497 0.098575 -0.789728
v 0.106331 0.131433 -0.810036
v 0.159497 0.164291 -0.789728
v 0.053166 0.032858 -0.830343
v 0.000000 0.065716 -0.850651
v 0.053166 0.098575 -0.830343
v 0.053166 0.164291 -0.830343
v 0.000000 0.197149 -0.850651
v 0.053166 0.230007 -0.830343
v 0.053166 0.098575 -0.830343
v 0.053166 0.164291 -0.830343
v 0.106331 0.131433 -0.810036
v 0.106331 0.328582 -0.810036
v 0.000000 0.394298 -0.850651
v 0.106331 0.460015 -0.810036
v 0.159497 0.361440 -0.789728
v 0.106331 0.394298 -0.810036
v 0.159497 0.427157 -0.789728
v 0.053166 0.295724 -0.830343
v 0.000000 0.328582 -0.850651
v 0.053166 0.361440 -0.830343
v 0.053166 0.427157 -0.830343
v 0.000000 0.460015 -0.850651
v 0.053166 0.492873 -0.830343
v 0.053166 0.361440 -0.830343
v 0.053166 0.427157 -0.830343
v 0.106331 0.394298 -0.810036
v 0.106331 0.197149 -0.810036
v 0.106331 0.328582 -0.810036
v 0.212663 0.262866 -0.769421
v 0.159497 0.164291 -0.789728
v 0.159497 0.230007 -0.789728
v 0.212663 0.197149 -0.769421
v 0.053166 0.230007 -0.830343
v 0.053166 0.295724 -0.830343
v 0.106331 0.262866 -0.810036
v 0.159497 0.295724 -0.789728
v 0.159497 0.361440 -0.789728
v 0.212663 0.328582 -0.769421
v 0.106331 0.262866 -0.810036
v 0.159497 0.295724 -0.789728
v 0.159497 0.230007 -0.789728
v 0.318994 -0.197149 -0.728806
v 0.318994 -0.065716 -0.728806
v 0.425325 -0.131433 -0.688191
v 0.372160 -0.230007 -0.708498
v 0.372160 -0.164291 -0.708498
v 0.425325 -0.197149 -0.688191
v 0.265828 -0.164291 -0.749113
v 0.265828 -0.098575 -0.749113
v 0.318994 -0.131433 -0.728806
v 0.372160 -0.098575 -0.708498
v 0.372160 -0.032858 -0.708498
v 0.425325 -0.065716 -0.688191
v 0.318994 -0.131433 -0.728806
v 0.372160 -0.098575 -0.708498
v 0.372160 -0.164291 -0.708498
v 0.106331 -0.065716 -0.810036
v 0.106331 0.065716 -0.810036
v 0.212663 0.000000 -0.769421
v 0.159497 -0.098575 -0.789728
v 0.159497 -0.032858 -0.789728
v 0.212663 -0.065716 -0.769421
v 0.053166 -0.032858 -0.830343
v 0.053166 0.032858 -0.830343
v 0.106331 0.000000 -0.810036
v 0.159497 0.032858 -0.789728
v 0.159497 0.098575 -0.789728
v 0.212663 0.065716 -0.769421
v 0.106331 0.000000 -0.810036
v 0.159497 0.032858 -0.789728
v 0.159497 -0.032858 -0.789728
v 0.318994 0.065716 -0.728806
v 0.318994 0.197149 -0.728806
v 0.425325 0.131433 -0.688191
v 0.372160 0.032858 -0.708498
v 0.372160 0.098575 -0.708498
v 0.425325 0.065716 -0.688191
v 0.265828 0.098575 -0.749113
v 0.265828 0.164291 -0.749113
v 0.318994 0.131433 -0.728806
v 0.372160 0.164291 -0.708498
v 0.372160 0.230007 -0.708498
v 0.425325 0.197149 -0.688191
v 0.318994 0.131433 -0.728806
v 0.372160 0.164291 -0.708498
v 0.372160 0.098575 -0.708498
v 0.212663 0.000000 -0.769421
v 0.318994 0.065716 -0.728806
v 0.318994 -0.065716 -0.728806
v 0.212663 -0.065716 -0.769421
v 0.265828 -0.032858 -0.749113
v 0.265828 -0.098575 -0.749113
v 0.212663 0.065716 -0.769421
v 0.265828 0.098575 -0.749113
v 0.265828 0.032858 -0.749113
v 0.318994 0.000000 -0.728806
v 0.372160 0.032858 -0.708498
v 0.372160 -0.032858 -0.708498
v 0.265828 0.032858 -0.749113
v 0.318994 0.000000 -0.728806
v 0.265828 -0.032858 -0.749113
v 0.850651 0.000000 0.394298
v 0.810036 0.106331 0.328582
v 0.810036 0.106331 0.460015
v 0.850651 0.000000 0.460015
v 0.830343 0.053166 0.427157
v 0.830343 0.053166 0.492873
v 0.850651 0.000000 0.328582
v 0.830343 0.053166 0.295724
v 0.830343 0.053166 0.361440
v 0.810036 0.106331 0.394298
v 0.789728 0.159497 0.361440
v 0.789728 0.159497 0.427157
v 0.830343 0.053166 0.361440
v 0.810036 0.106331 0.394298
v 0.830343 0.053166 0.427157
v 0.850651 0.000000 0.131433
v 0.810036 0.106331 0.065716
v 0.810036 0.106331 0.197149
v 0.850651 0.000000 0.197149
v 0.830343 0.053166 0.164291
v 0.830343 0.053166 0.230007
v 0.850651 0.000000 0.065716
v 0.830343 0.053166 0.032858
v 0.830343 0.053166 0.098575
v 0.810036 0.106331 0.131433
v 0.789728 0.159497 0.098575
v 0.789728 0.159497 0.164291
v 0.830343 0.053166 0.098575
v 0.810036 0.106331 0.131433
v 0.830343 0.053166 0.164291
v 0.769421 0.212663 0.262866
v 0.728806 0.318994 0.197149
v 0.728806 0.318994 0.328582
v 0.769421 0.212663 0.328582
v 0.749113 0.265828 0.295724
v 0.749113 0.265828 0.361440
v 0.769421 0.212663 0.197149
v 0.749113 0.265828 0.164291
v 0.749113 0.265828 0.230007
v 0.728806 0.318994 0.262866
v 0.708498 0.372160 0.230007
v 0.708498 0.372160 0.295724
v 0.749113 0.265828 0.230007
v 0.728806 0.318994 0.262866
v 0.749113 0.265828 0.295724
v 0.810036 0.106331 0.197149
v 0.769421 0.212663 0.262866
v 0.810036 0.106331 0.328582
v 0.830343 0.053166 0.230007
v 0.810036 0.106331 0.262866
v 0.830343 0.053166 0.295724
v 0.789728 0.159497 0.164291
v 0.769421 0.212663 0.197149
v 0.789728 0.159497 0.230007
v 0.789728 0.159497 0.295724
v 0.769421 0.212663 0.328582
v 0.789728 0.159497 0.361440
v 0.789728 0.159497 0.230007
v 0.789728 0.159497 0.295724
v 0.810036 0.106331 0.262866
v 0.850651 0.000000 -0.131433
v 0.810036 0.106331 -0.197149
v 0.810036 0.106331 -0.065716
v 0.850651 0.000000 -0.065716
v 0.830343 0.053166 -0.098575
v 0.830343 0.053166 -0.032858
v 0.850651 0.000000 -0.197149
v 0.830343 0.053166 -0.230007
v 0.830343 0.053166 -0.164291
v 0.810036 0.106331 -0.131433
v 0.789728 0.159497 -0.164291
v 0.789728 0.159497 -0.098575
v 0.830343 0.053166 -0.164291
v 0.810036 0.106331 -0.131433
v 0.830343 0.053166 -0.098575
v 0.850651 0.000000 -0.394298
v 0.810036 0.106331 -0.460015
v 0.810036 0.106331 -0.328582
v 0.850651 0.000000 -0.328582
v 0.830343 0.053166 -0.361440
v 0.830343 0.053166 -0.295724
v 0.850651 0.000000 -0.460015
v 0.830343 0.053166 -0.492873
v 0.830343 0.053166 -0.427157
v 0.810036 0.106331 -0.394298
v 0.789728 0.159497 -0.427157
v 0.789728 0.159497 -0.361440
v 0.830343 0.053166 -0.427157
v 0.810036 0.106331 -0.394298
v 0.830343 0.053166 -0.361440
v 0.769421 0.212663 -0.262866
v 0.728806 0.318994 -0.328582
v 0.728806 0.318994 -0.197149
v 0.769421 0.212663 -0.197149
v 0.749113 0.265828 -0.230007
v 0.749113 0.265828 -0.164291
v 0.769421 0.212663 -0.328582
v 0.749113 0.265828 -0.361440
v 0.749113 0.265828 -0.295724
v 0.728806 0.318994 -0.262866
v 0.708498 0.372160 -0.295724
v 0.708498 0.372160 -0.230007
v 0.749113 0.265828 -0.295724
v 0.728806 0.318994 -0.262866
v 0.749113 0.265828 -0.230007
v 0.810036 0.106331 -0.328582
v 0.769421 0.212663 -0.262866
v 0.810036 0.106331 -0.197149
v 0.830343 0.053166 -0.295724
v 0.810036 0.106331 -0.262866
v 0.830343 0.053166 -0.230007
v 0.789728 0.159497 -0.361440
v 0.769421 0.212663 -0.328582
v 0.789728 0.159497 -0.295724
v 0.789728 0.159497 -0.230007
v 0.769421 0.212663 -0.197149
v 0.789728 0.159497 -0.164291
v 0.789728 0.159497 -0.295724
v 0.789728 0.159497 -0.230007
v 0.810036 0.106331 -0.262866
v 0.688191 0.425325 0.131433
v 0.647576 0.531657 0.065716
v 0.647576 0.531657 0.197149
v 0.688191 0.425325 0.197149
v 0.667883 0.478491 0.164291
v 0.667883 0.478491 0.230007
v 0.688191 0.425325 0.065716
v 0.667883 0.478491 0.032858
v 0.667883 0.478491 0.098575
v 0.647576 0.531657 0.131433
v 0.627269 0.584822 0.098575
v 0.627269 0.584822 0.164291
v 0.667883 0.478491 0.098575
v 0.647576 0.531657 0.131433
v 0.667883 0.478491 0.164291
v 0.688191 0.425325 -0.131433
v 0.647576 0.531657 -0.197149
v 0.647576 0.531657 -0.065716
v 0.688191 0.425325 -0.065716
v 0.667883 0.478491 -0.098575
v 0.667883 0.478491 -0.032858
v 0.688191 0.425325 -0.197149
v 0.667883 0.478491 -0.230007
v 0.667883 0.478491 -0.164291
v 0.647576 0.531657 -0.131433
v 0.627269 0.584822 -0.164291
v 0.627269 0.584822 -0.098575
v 0.667883 0.478491 -0.164291
v 0.647576 0.531657 -0.131433
v 0.667883 0.478491 -0.098575
v 0.606961 0.637988 0.000000
v 0.566346 0.744319 -0.065716
v 0.566346 0.744319 0.065716
v 0.606961 0.637988 0.065716
v 0.586654 0.691154 0.032858
v 0.586654 0.691154 0.098575
v 0.606961 0.637988 -0.065716
v 0.586654 0.691154 -0.098575
v 0.586654 0.691154 -0.032858
v 0.566346 0.744319 0.000000
v 0.546039 0.797485 -0.032858
v 0.546039 0.797485 0.032858
v 0.586654 0.691154 -0.032858
v 0.566346 0.744319 0.000000
v 0.586654 0.691154 0.032858
v 0.647576 0.531657 -0.065716
v 0.606961 0.637988 0.000000
v 0.647576 0.531657 0.065716
v 0.667883 0.478491 -0.032858
v 0.647576 0.531657 0.000000
v 0.667883 0.478491 0.032858
v 0.627269 0.584822 -0.098575
v 0.606961 0.637988 -0.065716
v 0.627269 0.584822 -0.032858
v 0.627269 0.584822 0.032858
v 0.606961 0.637988 0.065716
v 0.627269 0.584822 0.098575
v 0.627269 0.584822 -0.032858
v 0.627269 0.584822 0.032858
v 0.647576 0.531657 0.000000
v 0.810036 0.106331 -0.065716
v 0.769421 0.212663 0.000000
v 0.810036 0.106331 0.065716
v 0.830343 0.053166 -0.032858
v 0.810036 0.106331 0.000000
v 0.830343 0.053166 0.032858
v 0.789728 0.159497 -0.098575
v 0.769421 0.212663 -0.065716
v 0.789728 0.159497 -0.032858
v 0.789728 0.159497 0.032858
v 0.769421 0.212663 0.065716
v 0.789728 0.159497 0.098575
v 0.789728 0.159497 -0.032858
v 0.789728 0.159497 0.032858
v 0.810036 0.106331 0.000000
v 0.728806 0.318994 -0.197149
v 0.688191 0.425325 -0.131433
v 0.728806 0.318994 -0.065716
v 0.749113 0.265828 -0.164291
v 0.728806 0.318994 -0.131433
v 0.749113 0.265828 -0.098575
v 0.708498 0.372160 -0.230007
v 0.688191 0.425325 -0.197149
v 0.708498 0.372160 -0.164291
v 0.708498 0.372160 -0.098575
v 0.688191 0.425325 -0.065716
v 0.708498 0.372160 -0.032858
v 0.708498 0.372160 -0.164291
v 0.708498 0.372160 -0.098575
v 0.728806 0.318994 -0.131433
v 0.728806 0.318994 0.065716
v 0.688191 0.425325 0.131433
v 0.728806 0.318994 0.197149
v 0.749113 0.265828 0.098575
v 0.728806 0.318994 0.131433
v 0.749113 0.265828 0.164291
v 0.708498 0.372160 0.032858
v 0.688191 0.425325 0.065716
v 0.708498 0.372160 0.098575
v 0.708498 0.372160 0.164291
v 0.688191 0.425325 0.197149
v 0.708498 0.372160 0.230007
v 0.708498 0.372160 0.098575
v 0.708498 0.372160 0.164291
v 0.728806 0.318994 0.131433
v 0.728806 0.318994 -0.065716
v 0.728806 0.318994 0.065716
v 0.769421 0.212663 0.000000
v 0.749113 0.265828 -0.098575
v 0.749113 0.265828 -0.032858
v 0.769421 0.212663 -0.065716
v 0.708498 0.372160 -0.032858
v 0.708498 0.372160 0.032858
v 0.728806 0.318994 0.000000
v 0.749113 0.265828 0.032858
v 0.749113 0.265828 0.098575
v 0.769421 0.212663 0.065716
v 0.728806 0.318994 0.000000
v 0.749113 0.265828 0.032858
v 0.749113 0.265828 -0.032858
f 1 316 318
f 316 313 317
f 318 317 315
f 316 317 318
f 313 319 321
f 319 16 320
f 321 320 314
f 319 320 321
f 315 322 324
f 322 314 323
f 324 323 18
f 322 323 324
f 313 325 327
f 325 314 326
f 327 326 315
f 325 326 327
f 16 331 333
f 331 328 332
f 333 332 330
f 331 332 333
f 328 334 336
f 334 13 335
f 336 335 329
f 334 335 336
f 330 337 339
f 337 329 338
f 339 338 17
f 337 338 339
f 328 340 342
f 340 329 341
f 342 341 330
f 340 341 342
f 18 346 348
f 346 343 347
f 348 347 345
f 346 347 348
f 343 349 351
f 349 17 350
f 351 350 344
f 349 350 351
f 345 352 354
f 352 344 353
f 354 353 15
f 352 353 354
f 343 355 357
f 355 344 356
f 357 356 345
f 355 356 357
f 16 361 363
f 361 358 362
f 363 362 360
f 361 362 363
f 358 364 366
f 364 17 365
f 366 365 359
f 364 365 366
f 360 367 369
f 367 359 368
f 369 368 18
f 367 368 369
f 358 370 372
f 370 359 371
f 372 371 360
f 370 371 372
f 13 376 378
f 376 373 377
f 378 377 375
f 376 377 378
f 373 379 381
f 379 19 380
f 381 380 374
f 379 380 381
f 375 382 384
f 382 374 383
f 384 383 21
f 382 383 384
f 373 385 387
f 385 374 386
f 387 386 375
f 385 386 387
f 19 391 393
f 391 388 392
f 393 392 390
f 391 392 393
f 388 394 396
f 394 12 395
f 396 395 389
f 394 395 396
f 390 397 399
f 397 389 398
f 399 398 20
f 397 398 399
f 388 400 402
f 400 389 401
f 402 401 390
f 400 401 402
f 21 406 408
f 406 403 407
f 408 407 405
f 406 407 408
f 403 409 411
f 409 20 410
f 411 410 404
f 409 410 411
f 405 412 414
f 412 404 413
f 414 413 14
f 412 413 414
f 403 415 417
f 415 404 416
f 417 416 405
f 415 416 417
f 19 421 423
f 421 418 422
f 423 422 420
f 421 422 423
f 418 424 426
f 424 20 425
f 426 425 419
f 424 425 426
f 420 427 429
f 427 419 428
f 429 428 21
f 427 428 429
f 418 430 432
f 430 419 431
f 432 431 420
f 430 431 432
f 15 436 438
f 436 433 437
f 438 437 435
f 436 437 438
f 433 439 441
f 439 22 440
f 441 440 434
f 439 440 441
f 435 442 444
f 442 434 443
f 444 443 24
f 442 443 444
f 433 445 447
f 445 434 446
f 447 446 435
f 445 446 447
f 22 451 453
f 451 448 452
f 453 452 450
f 451 452 453
f 448 454 456
f 454 14 455
f 456 455 449
f 454 455 456
f 450 457 459
f 457 449 458
f 459 458 23
f 457 458 459
f 448 460 462
f 460 449 461
f 462 461 450
f 460 461 462
f 24 466 468
f 466 463 467
f 468 467 465
f 466 467 468
f 463 469 471
f 469 23 470
f 471 470 464
f 469 470 471
f 465 472 474
f 472 464 473
f 474 473 6
f 472 473 474
f 463 475 477
f 475 464 476
f 477 476 465
f 475 476 477
f 22 481 483
f 481 478 482
f 483 482 480
f 481 482 483
f 478 484 486
f 484 23 485
f 486 485 479
f 484 485 486
f 480 487 489
f 487 479 488
f 489 488 24
f 487 488 489
f 478 490 492
f 490 479 491
f 492 491 480
f 490 491 492
f 13 496 498
f 496 493 497
f 498 497 495
f 496 497 498
f 493 499 501
f 499 25 500
f 501 500 494
f 499 500 501
f 495 502 504
f 502 494 503
f 504 503 27
f 502 503 504
f 493 505 507
f 505 494 506
f 507 506 495
f 505 506 507
f 25 511 513
f 511 508 512
f 513 512 510
f 511 512 513
f 508 514 516
f 514 14 515
f 516 515 509
f 514 515 516
f 510 517 519
f 517 509 518
f 519 518 26
f 517 518 519
f 508 520 522
f 520 509 521
f 522 521 510
f 520 521 522
f 27 526 528
f 526 523 527
f 528 527 525
f 526 527 528
f 523 529 531
f 529 26 530
f 531 530 524
f 529 530 531
f 525 532 534
f 532 524 533
f 534 533 15
f 532 533 534
f 523 535 537
f 535 524 536
f 537 536 525
f 535 536 537
f 25 541 543
f 541 538 542
f 543 542 540
f 541 542 543
f 538 544 546
f 544 26 545
f 546 545 539
f 544 545 546
f 540 547 549
f 547 539 548
f 549 548 27
f 547 548 549
f 538 550 552
f 550 539 551
f 552 551 540
f 550 551 552
f 1 556 558
f 556 553 557
f 558 557 555
f 556 557 558
f 553 559 561
f 559 31 560
f 561 560 554
f 559 560 561
f 555 562 564
f 562 554 563
f 564 563 33
f 562 563 564
f 553 565 567
f 565 554 566
f 567 566 555
f 565 566 567
f 31 571 573
f 571 568 572
f 573 572 570
f 571 572 573
f 568 574 576
f 574 28 575
f 576 575 569
f 574 575 576
f 570 577 579
f 577 569 578
f 579 578 32
f 577 578 579
f 568 580 582
f 580 569 581
f 582 581 570
f 580 581 582
f 33 586 588
f 586 583 587
f 588 587 585
f 586 587 588
f 583 589 591
f 589 32 590
f 591 590 584
f 589 590 591
f 585 592 594
f 592 584 593
f 594 593 30
f 592 593 594
f 583 595 597
f 595 584 596
f 597 596 585
f 595 596 597
f 31 601 603
f 601 598 602
f 603 602 600
f 601 602 603
f 598 604 606
f 604 32 605
f 606 605 599
f 604 605 606
f 600 607 609
f 607 599 608
f 609 608 33
f 607 608 609
f 598 610 612
f 610 599 611
f 612 611 600
f 610 611 612
f 28 616 618
f 616 613 617
f 618 617 615
f 616 617 618
f 613 619 621
f 619 34 620
f 621 620 614
f 619 620 621
f 615 622 624
f 622 614 623
f 624 623 36
f 622 623 624
f 613 625 627
f 625 614 626
f 627 626 615
f 625 626 627
f 34 631 633
f 631 628 632
f 633 632 630
f 631 632 633
f 628 634 636
f 634 6 635
f 636 635 629
f 634 635 636
f 630 637 639
f 637 629 638
f 639 638 35
f 637 638 639
f 628 640 642
f 640 629 641
f 642 641 630
f 640 641 642
f 36 646 648
f 646 643 647
f 648 647 645
f 646 647 648
f 643 649 651
f 649 35 650
f 651 650 644
f 649 650 651
f 645 652 654
f 652 644 653
f 654 653 29
f 652 653 654
f 643 655 657
f 655 644 656
f 657 656 645
f 655 656 657
f 34 661 663
f 661 658 662
f 663 662 660
f 661 662 663
f 658 664 666
f 664 35 665
f 666 665 659
f 664 665 666
f 660 667 669
f 667 659 668
f 669 668 36
f 667 668 669
f 658 670 672
f 670 659 671
f 672 671 660
f 670 671 672
f 30 676 678
f 676 673 677
f 678 677 675
f 676 677 678
f 673 679 681
f 679 37 680
f 681 680 674
f 679 680 681
f 675 682 684
f 682 674 683
f 684 683 39
f 682 683 684
f 673 685 687
f 685 674 686
f 687 686 675
f 685 686 687
f 37 691 693
f 691 688 692
f 693 692 690
f 691 692 693
f 688 694 696
f 694 29 695
f 696 695 689
f 694 695 696
f 690 697 699
f 697 689 698
f 699 698 38
f 697 698 699
f 688 700 702
f 700 689 701
f 702 701 690
f 700 701 702
f 39 706 708
f 706 703 707
f 708 707 705
f 706 707 708
f 703 709 711
f 709 38 710
f 711 710 704
f 709 710 711
f 705 712 714
f 712 704 713
f 714 713 2
f 712 713 714
f 703 715 717
f 715 704 716
f 717 716 705
f 715 716 717
f 37 721 723
f 721 718 722
f 723 722 720
f 721 722 723
f 718 724 726
f 724 38 725
f 726 725 719
f 724 725 726
f 720 727 729
f 727 719 728
f 729 728 39
f 727 728 729
f 718 730 732
f 730 719 731
f 732 731 720
f 730 731 732
f 28 736 738
f 736 733 737
f 738 737 735
f 736 737 738
f 733 739 741
f 739 40 740
f 741 740 734
f 739 740 741
f 735 742 744
f 742 734 743
f 744 743 42
f 742 743 744
f 733 745 747
f 745 734 746
f 747 746 735
f 745 746 747
f 40 751 753
f 751 748 752
f 753 752 750
f 751 752 753
f 748 754 756
f 754 29 755
f 756 755 749
f 754 755 756
f 750 757 759
f 757 749 758
f 759 758 41
f 757 758 759
f 748 760 762
f 760 749 761
f 762 761 750
f 760 761 762
f 42 766 768
f 766 763 767
f 768 767 765
f 766 767 768
f 763 769 771
f 769 41 770
f 771 770 764
f 769 770 771
f 765 772 774
f 772 764 773
f 774 773 30
f 772 773 774
f 763 775 777
f 775 764 776
f 777 776 765
f 775 776 777
f 40 781 783
f 781 778 782
f 783 782 780
f 781 782 783
f 778 784 786
f 784 41 785
f 786 785 779
f 784 785 786
f 780 787 789
f 787 779 788
f 789 788 42
f 787 788 789
f 778 790 792
f 790 779 791
f 792 791 780
f 790 791 792
f 1 796 798
f 796 793 797
f 798 797 795
f 796 797 798
f 793 799 801
f 799 46 800
f 801 800 794
f 799 800 801
f 795 802 804
f 802 794 803
f 804 803 48
f 802 803 804
f 793 805 807
f 805 794 806
f 807 806 795
f 805 806 807
f 46 811 813
f 811 808 812
f 813 812 810
f 811 812 813
f 808 814 816
f 814 43 815
f 816 815 809
f 814 815 816
f 810 817 819
f 817 809 818
f 819 818 47
f 817 818 819
f 808 820 822
f 820 809 821
f 822 821 810
f 820 821 822
f 48 826 828
f 826 823 827
f 828 827 825
f 826 827 828
f 823 829 831
f 829 47 830
f 831 830 824
f 829 830 831
f 825 832 834
f 832 824 833
f 834 833 45
f 832 833 834
f 823 835 837
f 835 824 836
f 837 836 825
f 835 836 837
f 46 841 843
f 841 838 842
f 843 842 840
f 841 842 843
f 838 844 846
f 844 47 845
f 846 845 839
f 844 845 846
f 840 847 849
f 847 839 848
f 849 848 48
f 847 848 849
f 838 850 852
f 850 839 851
f 852 851 840
f 850 851 852
f 43 856 858
f 856 853 857
f 858 857 855
f 856 857 858
f 853 859 861
f 859 49 860
f 861 860 854
f 859 860 861
f 855 862 864
f 862 854 863
f 864 863 51
f 862 863 864
f 853 865 867
f 865 854 866
f 867 866 855
f 865 866 867
f 49 871 873
f 871 868 872
f 873 872 870
f 871 872 873
f 868 874 876
f 874 2 875
f 876 875 869
f 874 875 876
f 870 877 879
f 877 869 878
f 879 878 50
f 877 878 879
f 868 880 882
f 880 869 881
f 882 881 870
f 880 881 882
f 51 886 888
f 886 883 887
f 888 887 885
f 886 887 888
f 883 889 891
f 889 50 890
f 891 890 884
f 889 890 891
f 885 892 894
f 892 884 893
f 894 893 44
f 892 893 894
f 883 895 897
f 895 884 896
f 897 896 885
f 895 896 897
f 49 901 903
f 901 898 902
f 903 902 900
f 901 902 903
f 898 904 906
f 904 50 905
f 906 905 899
f 904 905 906
f 900 907 909
f 907 899 908
f 909 908 51
f 907 908 909
f 898 910 912
f 910 899 911
f 912 911 900
f 910 911 912
f 45 916 918
f 916 913 917
f 918 917 915
f 916 917 918
f 913 919 921
f 919 52 920
f 921 920 914
f 919 920 921
f 915 922 924
f 922 914 923
f 924 923 54
f 922 923 924
f 913 925 927
f 925 914 926
f 927 926 915
f 925 926 927
f 52 931 933
f 931 928 932
f 933 932 930
f 931 932 933
f 928 934 936
f 934 44 935
f 936 935 929
f 934 935 936
f 930 937 939
f 937 929 938
f 939 938 53
f 937 938 939
f 928 940 942
f 940 929 941
f 942 941 930
f 940 941 942
f 54 946 948
f 946 943 947
f 948 947 945
f 946 947 948
f 943 949 951
f 949 53 950
f 951 950 944
f 949 950 951
f 945 952 954
f 952 944 953
f 954 953 8
f 952 953 954
f 943 955 957
f 955 944 956
f 957 956 945
f 955 956 957
f 52 961 963
f 961 958 962
f 963 962 960
f 961 962 963
f 958 964 966
f 964 53 965
f 966 965 959
f 964 965 966
f 960 967 969
f 967 959 968
f 969 968 54
f 967 968 969
f 958 970 972
f 970 959 971
f 972 971 960
f 970 971 972
f 43 976 978
f 976 973 977
f 978 977 975
f 976 977 978
f 973 979 981
f 979 55 980
f 981 980 974
f 979 980 981
f 975 982 984
f 982 974 983
f 984 983 57
f 982 983 984
f 973 985 987
f 985 974 986
f 987 986 975
f 985 986 987
f 55 991 993
f 991 988 992
f 993 992 990
f 991 992 993
f 988 994 996
f 994 44 995
f 996 995 989
f 994 995 996
f 990 997 999
f 997 989 998
f 999 998 56
f 997 998 999
f 988 1000 1002
f 1000 989 1001
f 1002 1001 990
f 1000 1001 1002
f 57 1006 1008
f 1006 1003 1007
f 1008 1007 1005
f 1006 1007 1008
f 1003 1009 1011
f 1009 56 1010
f 1011 1010 1004
f 1009 1010 1011
f 1005 1012 1014
f 1012 1004 1013
f 1014 1013 45
f 1012 1013 1014
f 1003 1015 1017
f 1015 1004 1016
f 1017 1016 1005
f 1015 1016 1017
f 55 1021 1023
f 1021 1018 1022
f 1023 1022 1020
f 1021 1022 1023
f 1018 1024 1026
f 1024 56 1025
f 1026 1025 1019
f 1024 1025 1026
f 1020 1027 1029
f 1027 1019 1028
f 1029 1028 57
f 1027 1028 1029
f 1018 1030 1032
f 1030 1019 1031
f 1032 1031 1020
f 1030 1031 1032
f 1 1036 1038
f 1036 1033 1037
f 1038 1037 1035
f 1036 1037 1038
f 1033 1039 1041
f 1039 61 1040
f 1041 1040 1034
f 1039 1040 1041
f 1035 1042 1044
f 1042 1034 1043
f 1044 1043 63
f 1042 1043 1044
f 1033 1045 1047
f 1045 1034 1046
f 1047 1046 1035
f 1045 1046 1047
f 61 1051 1053
f 1051 1048 1052
f 1053 1052 1050
f 1051 1052 1053
f 1048 1054 1056
f 1054 58 1055
f 1056 1055 1049
f 1054 1055 1056
f 1050 1057 1059
f 1057 1049 1058
f 1059 1058 62
f 1057 1058 1059
f 1048 1060 1062
f 1060 1049 1061
f 1062 1061 1050
f 1060 1061 1062
f 63 1066 1068
f 1066 1063 1067
f 1068 1067 1065
f 1066 1067 1068
f 1063 1069 1071
f 1069 62 1070
f 1071 1070 1064
f 1069 1070 1071
f 1065 1072 1074
f 1072 1064 1073
f 1074 1073 60
f 1072 1073 1074
f 1063 1075 1077
f 1075 1064 1076
f 1077 1076 1065
f 1075 1076 1077
f 61 1081 1083
f 1081 1078 1082
f 1083 1082 1080
f 1081 1082 1083
f 1078 1084 1086
f 1084 62 1085
f 1086 1085 1079
f 1084 1085 1086
f 1080 1087 1089
f 1087 1079 1088
f 1089 1088 63
f 1087 1088 1089
f 1078 1090 1092
f 1090 1079 1091
f 1092 1091 1080
f 1090 1091 1092
f 58 1096 1098
f 1096 1093 1097
f 1098 1097 1095
f 1096 1097 1098
f 1093 1099 1101
f 1099 64 1100
f 1101 1100 1094
f 1099 1100 1101
f 1095 1102 1104
f 1102 1094 1103
f 1104 1103 66
f 1102 1103 1104
f 1093 1105 1107
f 1105 1094 1106
f 1107 1106 1095
f 1105 1106 1107
f 64 1111 1113
f 1111 1108 1112
f 1113 1112 1110
f 1111 1112 1113
f 1108 1114 1116
f 1114 8 1115
f 1116 1115 1109
f 1114 1115 1116
f 1110 1117 1119
f 1117 1109 1118
f 1119 1118 65
f 1117 1118 1119
f 1108 1120 1122
f 1120 1109 1121
f 1122 1121 1110
f 1120 1121 1122
f 66 1126 1128
f 1126 1123 1127
f 1128 1127 1125
f 1126 1127 1128
f 1123 1129 1131
f 1129 65 1130
f 1131 1130 1124
f 1129 1130 1131
f 1125 1132 1134
f 1132 1124 1133
f 1134 1133 59
f 1132 1133 1134
f 1123 1135 1137
f 1135 1124 1136
f 1137 1136 1125
f 1135 1136 1137
f 64 1141 1143
f 1141 1138 1142
f 1143 1142 1140
f 1141 1142 1143
f 1138 1144 1146
f 1144 65 1145
f 1146 1145 1139
f 1144 1145 1146
f 1140 1147 1149
f 1147 1139 1148
f 1149 1148 66
f 1147 1148 1149
f 1138 1150 1152
f 1150 1139 1151
f 1152 1151 1140
f 1150 1151 1152
f 60 1156 1158
f 1156 1153 1157
f 1158 1157 1155
f 1156 1157 1158
f 1153 1159 1161
f 1159 67 1160
f 1161 1160 1154
f 1159 1160 1161
f 1155 1162 1164
f 1162 1154 1163
f 1164 1163 69
f 1162 1163 1164
f 1153 1165 1167
f 1165 1154 1166
f 1167 1166 1155
f 1165 1166 1167
f 67 1171 1173
f 1171 1168 1172
f 1173 1172 1170
f 1171 1172 1173
f 1168 1174 1176
f 1174 59 1175
f 1176 1175 1169
f 1174 1175 1176
f 1170 1177 1179
f 1177 1169 1178
f 1179 1178 68
f 1177 1178 1179
f 1168 1180 1182
f 1180 1169 1181
f 1182 1181 1170
f 1180 1181 1182
f 69 1186 1188
f 1186 1183 1187
f 1188 1187 1185
f 1186 1187 1188
f 1183 1189 1191
f 1189 68 1190
f 1191 1190 1184
f 1189 1190 1191
f 1185 1192 1194
f 1192 1184 1193
f 1194 1193 11
f 1192 1193 1194
f 1183 1195 1197
f 1195 1184 1196
f 1197 1196 1185
f 1195 1196 1197
f 67 1201 1203
f 1201 1198 1202
f 1203 1202 1200
f 1201 1202 1203
f 1198 1204 1206
f 1204 68 1205
f 1206 1205 1199
f 1204 1205 1206
f 1200 1207 1209
f 1207 1199 1208
f 1209 1208 69
f 1207 1208 1209
f 1198 1210 1212
f 1210 1199 1211
f 1212 1211 1200
f 1210 1211 1212
f 58 1216 1218
f 1216 1213 1217
f 1218 1217 1215
f 1216 1217 1218
f 1213 1219 1221
f 1219 70 1220
f 1221 1220 1214
f 1219 1220 1221
f 1215 1222 1224
f 1222 1214 1223
f 1224 1223 72
f 1222 1223 1224
f 1213 1225 1227
f 1225 1214 1226
f 1227 1226 1215
f 1225 1226 1227
f 70 1231 1233
f 1231 1228 1232
f 1233 1232 1230
f 1231 1232 1233
f 1228 1234 1236
f 1234 59 1235
f 1236 1235 1229
f 1234 1235 1236
f 1230 1237 1239
f 1237 1229 1238
f 1239 1238 71
f 1237 1238 1239
f 1228 1240 1242
f 1240 1229 1241
f 1242 1241 1230
f 1240 1241 1242
f 72 1246 1248
f 1246 1243 1247
f 1248 1247 1245
f 1246 1247 1248
f 1243 1249 1251
f 1249 71 1250
f 1251 1250 1244
f 1249 1250 1251
f 1245 1252 1254
f 1252 1244 1253
f 1254 1253 60
f 1252 1253 1254
f 1243 1255 1257
f 1255 1244 1256
f 1257 1256 1245
f 1255 1256 1257
f 70 1261 1263
f 1261 1258 1262
f 1263 1262 1260
f 1261 1262 1263
f 1258 1264 1266
f 1264 71 1265
f 1266 1265 1259
f 1264 1265 1266
f 1260 1267 1269
f 1267 1259 1268
f 1269 1268 72
f 1267 1268 1269
f 1258 1270 1272
f 1270 1259 1271
f 1272 1271 1260
f 1270 1271 1272
f 1 1276 1278
f 1276 1273 1277
f 1278 1277 1275
f 1276 1277 1278
f 1273 1279 1281
f 1279 76 1280
f 1281 1280 1274
f 1279 1280 1281
f 1275 1282 1284
f 1282 1274 1283
f 1284 1283 78
f 1282 1283 1284
f 1273 1285 1287
f 1285 1274 1286
f 1287 1286 1275
f 1285 1286 1287
f 76 1291 1293
f 1291 1288 1292
f 1293 1292 1290
f 1291 1292 1293
f 1288 1294 1296
f 1294 73 1295
f 1296 1295 1289
f 1294 1295 1296
f 1290 1297 1299
f 1297 1289 1298
f 1299 1298 77
f 1297 1298 1299
f 1288 1300 1302
f 1300 1289 1301
f 1302 1301 1290
f 1300 1301 1302
f 78 1306 1308
f 1306 1303 1307
f 1308 1307 1305
f 1306 1307 1308
f 1303 1309 1311
f 1309 77 1310
f 1311 1310 1304
f 1309 1310 1311
f 1305 1312 1314
f 1312 1304 1313
f 1314 1313 75
f 1312 1313 1314
f 1303 1315 1317
f 1315 1304 1316
f 1317 1316 1305
f 1315 1316 1317
f 76 1321 1323
f 1321 1318 1322
f 1323 1322 1320
f 1321 1322 1323
f 1318 1324 1326
f 1324 77 1325
f 1326 1325 1319
f 1324 1325 1326
f 1320 1327 1329
f 1327 1319 1328
f 1329 1328 78
f 1327 1328 1329
f 1318 1330 1332
f 1330 1319 1331
f 1332 1331 1320
f 1330 1331 1332
f 73 1336 1338
f 1336 1333 1337
f 1338 1337 1335
f 1336 1337 1338
f 1333 1339 1341
f 1339 79 1340
f 1341 1340 1334
f 1339 1340 1341
f 1335 1342 1344
f 1342 1334 1343
f 1344 1343 81
f 1342 1343 1344
f 1333 1345 1347
f 1345 1334 1346
f 1347 1346 1335
f 1345 1346 1347
f 79 1351 1353
f 1351 1348 1352
f 1353 1352 1350
f 1351 1352 1353
f 1348 1354 1356
f 1354 11 1355
f 1356 1355 1349
f 1354 1355 1356
f 1350 1357 1359
f 1357 1349 1358
f 1359 1358 80
f 1357 1358 1359
f 1348 1360 1362
f 1360 1349 1361
f 1362 1361 1350
f 1360 1361 1362
f 81 1366 1368
f 1366 1363 1367
f 1368 1367 1365
f 1366 1367 1368
f 1363 1369 1371
f 1369 80 1370
f 1371 1370 1364
f 1369 1370 1371
f 1365 1372 1374
f 1372 1364 1373
f 1374 1373 74
f 1372 1373 1374
f 1363 1375 1377
f 1375 1364 1376
f 1377 1376 1365
f 1375 1376 1377
f 79 1381 1383
f 1381 1378 1382
f 1383 1382 1380
f 1381 1382 1383
f 1378 1384 1386
f 1384 80 1385
f 1386 1385 1379
f 1384 1385 1386
f 1380 1387 1389
f 1387 1379 1388
f 1389 1388 81
f 1387 1388 1389
f 1378 1390 1392
f 1390 1379 1391
f 1392 1391 1380
f 1390 1391 1392
f 75 1396 1398
f 1396 1393 1397
f 1398 1397 1395
f 1396 1397 1398
f 1393 1399 1401
f 1399 82 1400
f 1401 1400 1394
f 1399 1400 1401
f 1395 1402 1404
f 1402 1394 1403
f 1404 1403 84
f 1402 1403 1404
f 1393 1405 1407
f 1405 1394 1406
f 1407 1406 1395
f 1405 1406 1407
f 82 1411 1413
f 1411 1408 1412
f 1413 1412 1410
f 1411 1412 1413
f 1408 1414 1416
f 1414 74 1415
f 1416 1415 1409
f 1414 1415 1416
f 1410 1417 1419
f 1417 1409 1418
f 1419 1418 83
f 1417 1418 1419
f 1408 1420 1422
f 1420 1409 1421
f 1422 1421 1410
f 1420 1421 1422
f 84 1426 1428
f 1426 1423 1427
f 1428 1427 1425
f 1426 1427 1428
f 1423 1429 1431
f 1429 83 1430
f 1431 1430 1424
f 1429 1430 1431
f 1425 1432 1434
f 1432 1424 1433
f 1434 1433 12
f 1432 1433 1434
f 1423 1435 1437
f 1435 1424 1436
f 1437 1436 1425
f 1435 1436 1437
f 82 1441 1443
f 1441 1438 1442
f 1443 1442 1440
f 1441 1442 1443
f 1438 1444 1446
f 1444 83 1445
f 1446 1445 1439
f 1444 1445 1446
f 1440 1447 1449
f 1447 1439 1448
f 1449 1448 84
f 1447 1448 1449
f 1438 1450 1452
f 1450 1439 1451
f 1452 1451 1440
f 1450 1451 1452
f 73 1456 1458
f 1456 1453 1457
f 1458 1457 1455
f 1456 1457 1458
f 1453 1459 1461
f 1459 85 1460
f 1461 1460 1454
f 1459 1460 1461
f 1455 1462 1464
f 1462 1454 1463
f 1464 1463 87
f 1462 1463 1464
f 1453 1465 1467
f 1465 1454 1466
f 1467 1466 1455
f 1465 1466 1467
f 85 1471 1473
f 1471 1468 1472
f 1473 1472 1470
f 1471 1472 1473
f 1468 1474 1476
f 1474 74 1475
f 1476 1475 1469
f 1474 1475 1476
f 1470 1477 1479
f 1477 1469 1478
f 1479 1478 86
f 1477 1478 1479
f 1468 1480 1482
f 1480 1469 1481
f 1482 1481 1470
f 1480 1481 1482
f 87 1486 1488
f 1486 1483 1487
f 1488 1487 1485
f 1486 1487 1488
f 1483 1489 1491
f 1489 86 1490
f 1491 1490 1484
f 1489 1490 1491
f 1485 1492 1494
f 1492 1484 1493
f 1494 1493 75
f 1492 1493 1494
f 1483 1495 1497
f 1495 1484 1496
f 1497 1496 1485
f 1495 1496 1497
f 85 1501 1503
f 1501 1498 1502
f 1503 1502 1500
f 1501 1502 1503
f 1498 1504 1506
f 1504 86 1505
f 1506 1505 1499
f 1504 1505 1506
f 1500 1507 1509
f 1507 1499 1508
f 1509 1508 87
f 1507 1508 1509
f 1498 1510 1512
f 1510 1499 1511
f 1512 1511 1500
f 1510 1511 1512
f 2 1516 1518
f 1516 1513 1517
f 1518 1517 1515
f 1516 1517 1518
f 1513 1519 1521
f 1519 91 1520
f 1521 1520 1514
f 1519 1520 1521
f 1515 1522 1524
f 1522 1514 1523
f 1524 1523 93
f 1522 1523 1524
f 1513 1525 1527
f 1525 1514 1526
f 1527 1526 1515
f 1525 1526 1527
f 91 1531 1533
f 1531 1528 1532
f 1533 1532 1530
f 1531 1532 1533
f 1528 1534 1536
f 1534 88 1535
f 1536 1535 1529
f 1534 1535 1536
f 1530 1537 1539
f 1537 1529 1538
f 1539 1538 92
f 1537 1538 1539
f 1528 1540 1542
f 1540 1529 1541
f 1542 1541 1530
f 1540 1541 1542
f 93 1546 1548
f 1546 1543 1547
f 1548 1547 1545
f 1546 1547 1548
f 1543 1549 1551
f 1549 92 1550
f 1551 1550 1544
f 1549 1550 1551
f 1545 1552 1554
f 1552 1544 1553
f 1554 1553 90
f 1552 1553 1554
f 1543 1555 1557
f 1555 1544 1556
f 1557 1556 1545
f 1555 1556 1557
f 91 1561 1563
f 1561 1558 1562
f 1563 1562 1560
f 1561 1562 1563
f 1558 1564 1566
f 1564 92 1565
f 1566 1565 1559
f 1564 1565 1566
f 1560 1567 1569
f 1567 1559 1568
f 1569 1568 93
f 1567 1568 1569
f 1558 1570 1572
f 1570 1559 1571
f 1572 1571 1560
f 1570 1571 1572
f 88 1576 1578
f 1576 1573 1577
f 1578 1577 1575
f 1576 1577 1578
f 1573 1579 1581
f 1579 94 1580
f 1581 1580 1574
f 1579 1580 1581
f 1575 1582 1584
f 1582 1574 1583
f 1584 1583 96
f 1582 1583 1584
f 1573 1585 1587
f 1585 1574 1586
f 1587 1586 1575
f 1585 1586 1587
f 94 1591 1593
f 1591 1588 1592
f 1593 1592 1590
f 1591 1592 1593
f 1588 1594 1596
f 1594 6 1595
f 1596 1595 1589
f 1594 1595 1596
f 1590 1597 1599
f 1597 1589 1598
f 1599 1598 95
f 1597 1598 1599
f 1588 1600 1602
f 1600 1589 1601
f 1602 1601 1590
f 1600 1601 1602
f 96 1606 1608
f 1606 1603 1607
f 1608 1607 1605
f 1606 1607 1608
f 1603 1609 1611
f 1609 95 1610
f 1611 1610 1604
f 1609 1610 1611
f 1605 1612 1614
f 1612 1604 1613
f 1614 1613 89
f 1612 1613 1614
f 1603 1615 1617
f 1615 1604 1616
f 1617 1616 1605
f 1615 1616 1617
f 94 1621 1623
f 1621 1618 1622
f 1623 1622 1620
f 1621 1622 1623
f 1618 1624 1626
f 1624 95 1625
f 1626 1625 1619
f 1624 1625 1626
f 1620 1627 1629
f 1627 1619 1628
f 1629 1628 96
f 1627 1628 1629
f 1618 1630 1632
f 1630 1619 1631
f 1632 1631 1620
f 1630 1631 1632
f 90 1636 1638
f 1636 1633 1637
f 1638 1637 1635
f 1636 1637 1638
f 1633 1639 1641
f 1639 97 1640
f 1641 1640 1634
f 1639 1640 1641
f 1635 1642 1644
f 1642 1634 1643
f 1644 1643 99
f 1642 1643 1644
f 1633 1645 1647
f 1645 1634 1646
f 1647 1646 1635
f 1645 1646 1647
f 97 1651 1653
f 1651 1648 1652
f 1653 1652 1650
f 1651 1652 1653
f 1648 1654 1656
f 1654 89 1655
f 1656 1655 1649
f 1654 1655 1656
f 1650 1657 1659
f 1657 1649 1658
f 1659 1658 98
f 1657 1658 1659
f 1648 1660 1662
f 1660 1649 1661
f 1662 1661 1650
f 1660 1661 1662
f 99 1666 1668
f 1666 1663 1667
f 1668 1667 1665
f 1666 1667 1668
f 1663 1669 1671
f 1669 98 1670
f 1671 1670 1664
f 1669 1670 1671
f 1665 1672 1674
f 1672 1664 1673
f 1674 1673 10
f 1672 1673 1674
f 1663 1675 1677
f 1675 1664 1676
f 1677 1676 1665
f 1675 1676 1677
f 97 1681 1683
f 1681 1678 1682
f 1683 1682 1680
f 1681 1682 1683
f 1678 1684 1686
f 1684 98 1685
f 1686 1685 1679
f 1684 1685 1686
f 1680 1687 1689
f 1687 1679 1688
f 1689 1688 99
f 1687 1688 1689
f 1678 1690 1692
f 1690 1679 1691
f 1692 1691 1680
f 1690 1691 1692
f 88 1696 1698
f 1696 1693 1697
f 1698 1697 1695
f 1696 1697 1698
f 1693 1699 1701
f 1699 100 1700
f 1701 1700 1694
f 1699 1700 1701
f 1695 1702 1704
f 1702 1694 1703
f 1704 1703 102
f 1702 1703 1704
f 1693 1705 1707
f 1705 1694 1706
f 1707 1706 1695
f 1705 1706 1707
f 100 1711 1713
f 1711 1708 1712
f 1713 1712 1710
f 1711 1712 1713
f 1708 1714 1716
f 1714 89 1715
f 1716 1715 1709
f 1714 1715 1716
f 1710 1717 1719
f 1717 1709 1718
f 1719 1718 101
f 1717 1718 1719
f 1708 1720 1722
f 1720 1709 1721
f 1722 1721 1710
f 1720 1721 1722
f 102 1726 1728
f 1726 1723 1727
f 1728 1727 1725
f 1726 1727 1728
f 1723 1729 1731
f 1729 101 1730
f 1731 1730 1724
f 1729 1730 1731
f 1725 1732 1734
f 1732 1724 1733
f 1734 1733 90
f 1732 1733 1734
f 1723 1735 1737
f 1735 1724 1736
f 1737 1736 1725
f 1735 1736 1737
f 100 1741 1743
f 1741 1738 1742
f 1743 1742 1740
f 1741 1742 1743
f 1738 1744 1746
f 1744 101 1745
f 1746 1745 1739
f 1744 1745 1746
f 1740 1747 1749
f 1747 1739 1748
f 1749 1748 102
f 1747 1748 1749
f 1738 1750 1752
f 1750 1739 1751
f 1752 1751 1740
f 1750 1751 1752
f 6 1756 1758
f 1756 1753 1757
f 1758 1757 1755
f 1756 1757 1758
f 1753 1759 1761
f 1759 106 1760
f 1761 1760 1754
f 1759 1760 1761
f 1755 1762 1764
f 1762 1754 1763
f 1764 1763 108
f 1762 1763 1764
f 1753 1765 1767
f 1765 1754 1766
f 1767 1766 1755
f 1765 1766 1767
f 106 1771 1773
f 1771 1768 1772
f 1773 1772 1770
f 1771 1772 1773
f 1768 1774 1776
f 1774 103 1775
f 1776 1775 1769
f 1774 1775 1776
f 1770 1777 1779
f 1777 1769 1778
f 1779 1778 107
f 1777 1778 1779
f 1768 1780 1782
f 1780 1769 1781
f 1782 1781 1770
f 1780 1781 1782
f 108 1786 1788
f 1786 1783 1787
f 1788 1787 1785
f 1786 1787 1788
f 1783 1789 1791
f 1789 107 1790
f 1791 1790 1784
f 1789 1790 1791
f 1785 1792 1794
f 1792 1784 1793
f 1794 1793 105
f 1792 1793 1794
f 1783 1795 1797
f 1795 1784 1796
f 1797 1796 1785
f 1795 1796 1797
f 106 1801 1803
f 1801 1798 1802
f 1803 1802 1800
f 1801 1802 1803
f 1798 1804 1806
f 1804 107 1805
f 1806 1805 1799
f 1804 1805 1806
f 1800 1807 1809
f 1807 1799 1808
f 1809 1808 108
f 1807 1808 1809
f 1798 1810 1812
f 1810 1799 1811
f 1812 1811 1800
f 1810 1811 1812
f 103 1816 1818
f 1816 1813 1817
f 1818 1817 1815
f 1816 1817 1818
f 1813 1819 1821
f 1819 109 1820
f 1821 1820 1814
f 1819 1820 1821
f 1815 1822 1824
f 1822 1814 1823
f 1824 1823 111
f 1822 1823 1824
f 1813 1825 1827
f 1825 1814 1826
f 1827 1826 1815
f 1825 1826 1827
f 109 1831 1833
f 1831 1828 1832
f 1833 1832 1830
f 1831 1832 1833
f 1828 1834 1836
f 1834 12 1835
f 1836 1835 1829
f 1834 1835 1836
f 1830 1837 1839
f 1837 1829 1838
f 1839 1838 110
f 1837 1838 1839
f 1828 1840 1842
f 1840 1829 1841
f 1842 1841 1830
f 1840 1841 1842
f 111 1846 1848
f 1846 1843 1847
f 1848 1847 1845
f 1846 1847 1848
f 1843 1849 1851
f 1849 110 1850
f 1851 1850 1844
f 1849 1850 1851
f 1845 1852 1854
f 1852 1844 1853
f 1854 1853 104
f 1852 1853 1854
f 1843 1855 1857
f 1855 1844 1856
f 1857 1856 1845
f 1855 1856 1857
f 109 1861 1863
f 1861 1858 1862
f 1863 1862 1860
f 1861 1862 1863
f 1858 1864 1866
f 1864 110 1865
f 1866 1865 1859
f 1864 1865 1866
f 1860 1867 1869
f 1867 1859 1868
f 1869 1868 111
f 1867 1868 1869
f 1858 1870 1872
f 1870 1859 1871
f 1872 1871 1860
f 1870 1871 1872
f 105 1876 1878
f 1876 1873 1877
f 1878 1877 1875
f 1876 1877 1878
f 1873 1879 1881
f 1879 112 1880
f 1881 1880 1874
f 1879 1880 1881
f 1875 1882 1884
f 1882 1874 1883
f 1884 1883 114
f 1882 1883 1884
f 1873 1885 1887
f 1885 1874 1886
f 1887 1886 1875
f 1885 1886 1887
f 112 1891 1893
f 1891 1888 1892
f 1893 1892 1890
f 1891 1892 1893
f 1888 1894 1896
f 1894 104 1895
f 1896 1895 1889
f 1894 1895 1896
f 1890 1897 1899
f 1897 1889 1898
f 1899 1898 113
f 1897 1898 1899
f 1888 1900 1902
f 1900 1889 1901
f 1902 1901 1890
f 1900 1901 1902
f 114 1906 1908
f 1906 1903 1907
f 1908 1907 1905
f 1906 1907 1908
f 1903 1909 1911
f 1909 113 1910
f 1911 1910 1904
f 1909 1910 1911
f 1905 1912 1914
f 1912 1904 1913
f 1914 1913 5
f 1912 1913 1914
f 1903 1915 1917
f 1915 1904 1916
f 1917 1916 1905
f 1915 1916 1917
f 112 1921 1923
f 1921 1918 1922
f 1923 1922 1920
f 1921 1922 1923
f 1918 1924 1926
f 1924 113 1925
f 1926 1925 1919
f 1924 1925 1926
f 1920 1927 1929
f 1927 1919 1928
f 1929 1928 114
f 1927 1928 1929
f 1918 1930 1932
f 1930 1919 1931
f 1932 1931 1920
f 1930 1931 1932
f 103 1936 1938
f 1936 1933 1937
f 1938 1937 1935
f 1936 1937 1938
f 1933 1939 1941
f 1939 115 1940
f 1941 1940 1934
f 1939 1940 1941
f 1935 1942 1944
f 1942 1934 1943
f 1944 1943 117
f 1942 1943 1944
f 1933 1945 1947
f 1945 1934 1946
f 1947 1946 1935
f 1945 1946 1947
f 115 1951 1953
f 1951 1948 1952
f 1953 1952 1950
f 1951 1952 1953
f 1948 1954 1956
f 1954 104 1955
f 1956 1955 1949
f 1954 1955 1956
f 1950 1957 1959
f 1957 1949 1958
f 1959 1958 116
f 1957 1958 1959
f 1948 1960 1962
f 1960 1949 1961
f 1962 1961 1950
f 1960 1961 1962
f 117 1966 1968
f 1966 1963 1967
f 1968 1967 1965
f 1966 1967 1968
f 1963 1969 1971
f 1969 116 1970
f 1971 1970 1964
f 1969 1970 1971
f 1965 1972 1974
f 1972 1964 1973
f 1974 1973 105
f 1972 1973 1974
f 1963 1975 1977
f 1975 1964 1976
f 1977 1976 1965
f 1975 1976 1977
f 115 1981 1983
f 1981 1978 1982
f 1983 1982 1980
f 1981 1982 1983
f 1978 1984 1986
f 1984 116 1985
f 1986 1985 1979
f 1984 1985 1986
f 1980 1987 1989
f 1987 1979 1988
f 1989 1988 117
f 1987 1988 1989
f 1978 1990 1992
f 1990 1979 1991
f 1992 1991 1980
f 1990 1991 1992
f 12 1996 1998
f 1996 1993 1997
f 1998 1997 1995
f 1996 1997 1998
f 1993 1999 2001
f 1999 121 2000
f 2001 2000 1994
f 1999 2000 2001
f 1995 2002 2004
f 2002 1994 2003
f 2004 2003 123
f 2002 2003 2004
f 1993 2005 2007
f 2005 1994 2006
f 2007 2006 1995
f 2005 2006 2007
f 121 2011 2013
f 2011 2008 2012
f 2013 2012 2010
f 2011 2012 2013
f 2008 2014 2016
f 2014 118 2015
f 2016 2015 2009
f 2014 2015 2016
f 2010 2017 2019
f 2017 2009 2018
f 2019 2018 122
f 2017 2018 2019
f 2008 2020 2022
f 2020 2009 2021
f 2022 2021 2010
f 2020 2021 2022
f 123 2026 2028
f 2026 2023 2027
f 2028 2027 2025
f 2026 2027 2028
f 2023 2029 2031
f 2029 122 2030
f 2031 2030 2024
f 2029 2030 2031
f 2025 2032 2034
f 2032 2024 2033
f 2034 2033 120
f 2032 2033 2034
f 2023 2035 2037
f 2035 2024 2036
f 2037 2036 2025
f 2035 2036 2037
f 121 2041 2043
f 2041 2038 2042
f 2043 2042 2040
f 2041 2042 2043
f 2038 2044 2046
f 2044 122 2045
f 2046 2045 2039
f 2044 2045 2046
f 2040 2047 2049
f 2047 2039 2048
f 2049 2048 123
f 2047 2048 2049
f 2038 2050 2052
f 2050 2039 2051
f 2052 2051 2040
f 2050 2051 2052
f 118 2056 2058
f 2056 2053 2057
f 2058 2057 2055
f 2056 2057 2058
f 2053 2059 2061
f 2059 124 2060
f 2061 2060 2054
f 2059 2060 2061
f 2055 2062 2064
f 2062 2054 2063
f 2064 2063 126
f 2062 2063 2064
f 2053 2065 2067
f 2065 2054 2066
f 2067 2066 2055
f 2065 2066 2067
f 124 2071 2073
f 2071 2068 2072
f 2073 2072 2070
f 2071 2072 2073
f 2068 2074 2076
f 2074 11 2075
f 2076 2075 2069
f 2074 2075 2076
f 2070 2077 2079
f 2077 2069 2078
f 2079 2078 125
f 2077 2078 2079
f 2068 2080 2082
f 2080 2069 2081
f 2082 2081 2070
f 2080 2081 2082
f 126 2086 2088
f 2086 2083 2087
f 2088 2087 2085
f 2086 2087 2088
f 2083 2089 2091
f 2089 125 2090
f 2091 2090 2084
f 2089 2090 2091
f 2085 2092 2094
f 2092 2084 2093
f 2094 2093 119
f 2092 2093 2094
f 2083 2095 2097
f 2095 2084 2096
f 2097 2096 2085
f 2095 2096 2097
f 124 2101 2103
f 2101 2098 2102
f 2103 2102 2100
f 2101 2102 2103
f 2098 2104 2106
f 2104 125 2105
f 2106 2105 2099
f 2104 2105 2106
f 2100 2107 2109
f 2107 2099 2108
f 2109 2108 126
f 2107 2108 2109
f 2098 2110 2112
f 2110 2099 2111
f 2112 2111 2100
f 2110 2111 2112
f 120 2116 2118
f 2116 2113 2117
f 2118 2117 2115
f 2116 2117 2118
f 2113 2119 2121
f 2119 127 2120
f 2121 2120 2114
f 2119 2120 2121
f 2115 2122 2124
f 2122 2114 2123
f 2124 2123 129
f 2122 2123 2124
f 2113 2125 2127
f 2125 2114 2126
f 2127 2126 2115
f 2125 2126 2127
f 127 2131 2133
f 2131 2128 2132
f 2133 2132 2130
f 2131 2132 2133
f 2128 2134 2136
f 2134 119 2135
f 2136 2135 2129
f 2134 2135 2136
f 2130 2137 2139
f 2137 2129 2138
f 2139 2138 128
f 2137 2138 2139
f 2128 2140 2142
f 2140 2129 2141
f 2142 2141 2130
f 2140 2141 2142
f 129 2146 2148
f 2146 2143 2147
f 2148 2147 2145
f 2146 2147 2148
f 2143 2149 2151
f 2149 128 2150
f 2151 2150 2144
f 2149 2150 2151
f 2145 2152 2154
f 2152 2144 2153
f 2154 2153 3
f 2152 2153 2154
f 2143 2155 2157
f 2155 2144 2156
f 2157 2156 2145
f 2155 2156 2157
f 127 2161 2163
f 2161 2158 2162
f 2163 2162 2160
f 2161 2162 2163
f 2158 2164 2166
f 2164 128 2165
f 2166 2165 2159
f 2164 2165 2166
f 2160 2167 2169
f 2167 2159 2168
f 2169 2168 129
f 2167 2168 2169
f 2158 2170 2172
f 2170 2159 2171
f 2172 2171 2160
f 2170 2171 2172
f 118 2176 2178
f 2176 2173 2177
f 2178 2177 2175
f 2176 2177 2178
f 2173 2179 2181
f 2179 130 2180
f 2181 2180 2174
f 2179 2180 2181
f 2175 2182 2184
f 2182 2174 2183
f 2184 2183 132
f 2182 2183 2184
f 2173 2185 2187
f 2185 2174 2186
f 2187 2186 2175
f 2185 2186 2187
f 130 2191 2193
f 2191 2188 2192
f 2193 2192 2190
f 2191 2192 2193
f 2188 2194 2196
f 2194 119 2195
f 2196 2195 2189
f 2194 2195 2196
f 2190 2197 2199
f 2197 2189 2198
f 2199 2198 131
f 2197 2198 2199
f 2188 2200 2202
f 2200 2189 2201
f 2202 2201 2190
f 2200 2201 2202
f 132 2206 2208
f 2206 2203 2207
f 2208 2207 2205
f 2206 2207 2208
f 2203 2209 2211
f 2209 131 2210
f 2211 2210 2204
f 2209 2210 2211
f 2205 2212 2214
f 2212 2204 2213
f 2214 2213 120
f 2212 2213 2214
f 2203 2215 2217
f 2215 2204 2216
f 2217 2216 2205
f 2215 2216 2217
f 130 2221 2223
f 2221 2218 2222
f 2223 2222 2220
f 2221 2222 2223
f 2218 2224 2226
f 2224 131 2225
f 2226 2225 2219
f 2224 2225 2226
f 2220 2227 2229
f 2227 2219 2228
f 2229 2228 132
f 2227 2228 2229
f 2218 2230 2232
f 2230 2219 2231
f 2232 2231 2220
f 2230 2231 2232
f 11 2236 2238
f 2236 2233 2237
f 2238 2237 2235
f 2236 2237 2238
f 2233 2239 2241
f 2239 136 2240
f 2241 2240 2234
f 2239 2240 2241
f 2235 2242 2244
f 2242 2234 2243
f 2244 2243 138
f 2242 2243 2244
f 2233 2245 2247
f 2245 2234 2246
f 2247 2246 2235
f 2245 2246 2247
f 136 2251 2253
f 2251 2248 2252
f 2253 2252 2250
f 2251 2252 2253
f 2248 2254 2256
f 2254 133 2255
f 2256 2255 2249
f 2254 2255 2256
f 2250 2257 2259
f 2257 2249 2258
f 2259 2258 137
f 2257 2258 2259
f 2248 2260 2262
f 2260 2249 2261
f 2262 2261 2250
f 2260 2261 2262
f 138 2266 2268
f 2266 2263 2267
f 2268 2267 2265
f 2266 2267 2268
f 2263 2269 2271
f 2269 137 2270
f 2271 2270 2264
f 2269 2270 2271
f 2265 2272 2274
f 2272 2264 2273
f 2274 2273 135
f 2272 2273 2274
f 2263 2275 2277
f 2275 2264 2276
f 2277 2276 2265
f 2275 2276 2277
f 136 2281 2283
f 2281 2278 2282
f 2283 2282 2280
f 2281 2282 2283
f 2278 2284 2286
f 2284 137 2285
f 2286 2285 2279
f 2284 2285 2286
f 2280 2287 2289
f 2287 2279 2288
f 2289 2288 138
f 2287 2288 2289
f 2278 2290 2292
f 2290 2279 2291
f 2292 2291 2280
f 2290 2291 2292
f 133 2296 2298
f 2296 2293 2297
f 2298 2297 2295
f 2296 2297 2298
f 2293 2299 2301
f 2299 139 2300
f 2301 2300 2294
f 2299 2300 2301
f 2295 2302 2304
f 2302 2294 2303
f 2304 2303 141
f 2302 2303 2304
f 2293 2305 2307
f 2305 2294 2306
f 2307 2306 2295
f 2305 2306 2307
f 139 2311 2313
f 2311 2308 2312
f 2313 2312 2310
f 2311 2312 2313
f 2308 2314 2316
f 2314 8 2315
f 2316 2315 2309
f 2314 2315 2316
f 2310 2317 2319
f 2317 2309 2318
f 2319 2318 140
f 2317 2318 2319
f 2308 2320 2322
f 2320 2309 2321
f 2322 2321 2310
f 2320 2321 2322
f 141 2326 2328
f 2326 2323 2327
f 2328 2327 2325
f 2326 2327 2328
f 2323 2329 2331
f 2329 140 2330
f 2331 2330 2324
f 2329 2330 2331
f 2325 2332 2334
f 2332 2324 2333
f 2334 2333 134
f 2332 2333 2334
f 2323 2335 2337
f 2335 2324 2336
f 2337 2336 2325
f 2335 2336 2337
f 139 2341 2343
f 2341 2338 2342
f 2343 2342 2340
f 2341 2342 2343
f 2338 2344 2346
f 2344 140 2345
f 2346 2345 2339
f 2344 2345 2346
f 2340 2347 2349
f 2347 2339 2348
f 2349 2348 141
f 2347 2348 2349
f 2338 2350 2352
f 2350 2339 2351
f 2352 2351 2340
f 2350 2351 2352
f 135 2356 2358
f 2356 2353 2357
f 2358 2357 2355
f 2356 2357 2358
f 2353 2359 2361
f 2359 142 2360
f 2361 2360 2354
f 2359 2360 2361
f 2355 2362 2364
f 2362 2354 2363
f 2364 2363 144
f 2362 2363 2364
f 2353 2365 2367
f 2365 2354 2366
f 2367 2366 2355
f 2365 2366 2367
f 142 2371 2373
f 2371 2368 2372
f 2373 2372 2370
f 2371 2372 2373
f 2368 2374 2376
f 2374 134 2375
f 2376 2375 2369
f 2374 2375 2376
f 2370 2377 2379
f 2377 2369 2378
f 2379 2378 143
f 2377 2378 2379
f 2368 2380 2382
f 2380 2369 2381
f 2382 2381 2370
f 2380 2381 2382
f 144 2386 2388
f 2386 2383 2387
f 2388 2387 2385
f 2386 2387 2388
f 2383 2389 2391
f 2389 143 2390
f 2391 2390 2384
f 2389 2390 2391
f 2385 2392 2394
f 2392 2384 2393
f 2394 2393 7
f 2392 2393 2394
f 2383 2395 2397
f 2395 2384 2396
f 2397 2396 2385
f 2395 2396 2397
f 142 2401 2403
f 2401 2398 2402
f 2403 2402 2400
f 2401 2402 2403
f 2398 2404 2406
f 2404 143 2405
f 2406 2405 2399
f 2404 2405 2406
f 2400 2407 2409
f 2407 2399 2408
f 2409 2408 144
f 2407 2408 2409
f 2398 2410 2412
f 2410 2399 2411
f 2412 2411 2400
f 2410 2411 2412
f 133 2416 2418
f 2416 2413 2417
f 2418 2417 2415
f 2416 2417 2418
f 2413 2419 2421
f 2419 145 2420
f 2421 2420 2414
f 2419 2420 2421
f 2415 2422 2424
f 2422 2414 2423
f 2424 2423 147
f 2422 2423 2424
f 2413 2425 2427
f 2425 2414 2426
f 2427 2426 2415
f 2425 2426 2427
f 145 2431 2433
f 2431 2428 2432
f 2433 2432 2430
f 2431 2432 2433
f 2428 2434 2436
f 2434 134 2435
f 2436 2435 2429
f 2434 2435 2436
f 2430 2437 2439
f 2437 2429 2438
f 2439 2438 146
f 2437 2438 2439
f 2428 2440 2442
f 2440 2429 2441
f 2442 2441 2430
f 2440 2441 2442
f 147 2446 2448
f 2446 2443 2447
f 2448 2447 2445
f 2446 2447 2448
f 2443 2449 2451
f 2449 146 2450
f 2451 2450 2444
f 2449 2450 2451
f 2445 2452 2454
f 2452 2444 2453
f 2454 2453 135
f 2452 2453 2454
f 2443 2455 2457
f 2455 2444 2456
f 2457 2456 2445
f 2455 2456 2457
f 145 2461 2463
f 2461 2458 2462
f 2463 2462 2460
f 2461 2462 2463
f 2458 2464 2466
f 2464 146 2465
f 2466 2465 2459
f 2464 2465 2466
f 2460 2467 2469
f 2467 2459 2468
f 2469 2468 147
f 2467 2468 2469
f 2458 2470 2472
f 2470 2459 2471
f 2472 2471 2460
f 2470 2471 2472
f 8 2476 2478
f 2476 2473 2477
f 2478 2477 2475
f 2476 2477 2478
f 2473 2479 2481
f 2479 151 2480
f 2481 2480 2474
f 2479 2480 2481
f 2475 2482 2484
f 2482 2474 2483
f 2484 2483 153
f 2482 2483 2484
f 2473 2485 2487
f 2485 2474 2486
f 2487 2486 2475
f 2485 2486 2487
f 151 2491 2493
f 2491 2488 2492
f 2493 2492 2490
f 2491 2492 2493
f 2488 2494 2496
f 2494 148 2495
f 2496 2495 2489
f 2494 2495 2496
f 2490 2497 2499
f 2497 2489 2498
f 2499 2498 152
f 2497 2498 2499
f 2488 2500 2502
f 2500 2489 2501
f 2502 2501 2490
f 2500 2501 2502
f 153 2506 2508
f 2506 2503 2507
f 2508 2507 2505
f 2506 2507 2508
f 2503 2509 2511
f 2509 152 2510
f 2511 2510 2504
f 2509 2510 2511
f 2505 2512 2514
f 2512 2504 2513
f 2514 2513 150
f 2512 2513 2514
f 2503 2515 2517
f 2515 2504 2516
f 2517 2516 2505
f 2515 2516 2517
f 151 2521 2523
f 2521 2518 2522
f 2523 2522 2520
f 2521 2522 2523
f 2518 2524 2526
f 2524 152 2525
f 2526 2525 2519
f 2524 2525 2526
f 2520 2527 2529
f 2527 2519 2528
f 2529 2528 153
f 2527 2528 2529
f 2518 2530 2532
f 2530 2519 2531
f 2532 2531 2520
f 2530 2531 2532
f 148 2536 2538
f 2536 2533 2537
f 2538 2537 2535
f 2536 2537 2538
f 2533 2539 2541
f 2539 154 2540
f 2541 2540 2534
f 2539 2540 2541
f 2535 2542 2544
f 2542 2534 2543
f 2544 2543 156
f 2542 2543 2544
f 2533 2545 2547
f 2545 2534 2546
f 2547 2546 2535
f 2545 2546 2547
f 154 2551 2553
f 2551 2548 2552
f 2553 2552 2550
f 2551 2552 2553
f 2548 2554 2556
f 2554 2 2555
f 2556 2555 2549
f 2554 2555 2556
f 2550 2557 2559
f 2557 2549 2558
f 2559 2558 155
f 2557 2558 2559
f 2548 2560 2562
f 2560 2549 2561
f 2562 2561 2550
f 2560 2561 2562
f 156 2566 2568
f 2566 2563 2567
f 2568 2567 2565
f 2566 2567 2568
f 2563 2569 2571
f 2569 155 2570
f 2571 2570 2564
f 2569 2570 2571
f 2565 2572 2574
f 2572 2564 2573
f 2574 2573 149
f 2572 2573 2574
f 2563 2575 2577
f 2575 2564 2576
f 2577 2576 2565
f 2575 2576 2577
f 154 2581 2583
f 2581 2578 2582
f 2583 2582 2580
f 2581 2582 2583
f 2578 2584 2586
f 2584 155 2585
f 2586 2585 2579
f 2584 2585 2586
f 2580 2587 2589
f 2587 2579 2588
f 2589 2588 156
f 2587 2588 2589
f 2578 2590 2592
f 2590 2579 2591
f 2592 2591 2580
f 2590 2591 2592
f 150 2596 2598
f 2596 2593 2597
f 2598 2597 2595
f 2596 2597 2598
f 2593 2599 2601
f 2599 157 2600
f 2601 2600 2594
f 2599 2600 2601
f 2595 2602 2604
f 2602 2594 2603
f 2604 2603 159
f 2602 2603 2604
f 2593 2605 2607
f 2605 2594 2606
f 2607 2606 2595
f 2605 2606 2607
f 157 2611 2613
f 2611 2608 2612
f 2613 2612 2610
f 2611 2612 2613
f 2608 2614 2616
f 2614 149 2615
f 2616 2615 2609
f 2614 2615 2616
f 2610 2617 2619
f 2617 2609 2618
f 2619 2618 158
f 2617 2618 2619
f 2608 2620 2622
f 2620 2609 2621
f 2622 2621 2610
f 2620 2621 2622
f 159 2626 2628
f 2626 2623 2627
f 2628 2627 2625
f 2626 2627 2628
f 2623 2629 2631
f 2629 158 2630
f 2631 2630 2624
f 2629 2630 2631
f 2625 2632 2634
f 2632 2624 2633
f 2634 2633 9
f 2632 2633 2634
f 2623 2635 2637
f 2635 2624 2636
f 2637 2636 2625
f 2635 2636 2637
f 157 2641 2643
f 2641 2638 2642
f 2643 2642 2640
f 2641 2642 2643
f 2638 2644 2646
f 2644 158 2645
f 2646 2645 2639
f 2644 2645 2646
f 2640 2647 2649
f 2647 2639 2648
f 2649 2648 159
f 2647 2648 2649
f 2638 2650 2652
f 2650 2639 2651
f 2652 2651 2640
f 2650 2651 2652
f 148 2656 2658
f 2656 2653 2657
f 2658 2657 2655
f 2656 2657 2658
f 2653 2659 2661
f 2659 160 2660
f 2661 2660 2654
f 2659 2660 2661
f 2655 2662 2664
f 2662 2654 2663
f 2664 2663 162
f 2662 2663 2664
f 2653 2665 2667
f 2665 2654 2666
f 2667 2666 2655
f 2665 2666 2667
f 160 2671 2673
f 2671 2668 2672
f 2673 2672 2670
f 2671 2672 2673
f 2668 2674 2676
f 2674 149 2675
f 2676 2675 2669
f 2674 2675 2676
f 2670 2677 2679
f 2677 2669 2678
f 2679 2678 161
f 2677 2678 2679
f 2668 2680 2682
f 2680 2669 2681
f 2682 2681 2670
f 2680 2681 2682
f 162 2686 2688
f 2686 2683 2687
f 2688 2687 2685
f 2686 2687 2688
f 2683 2689 2691
f 2689 161 2690
f 2691 2690 2684
f 2689 2690 2691
f 2685 2692 2694
f 2692 2684 2693
f 2694 2693 150
f 2692 2693 2694
f 2683 2695 2697
f 2695 2684 2696
f 2697 2696 2685
f 2695 2696 2697
f 160 2701 2703
f 2701 2698 2702
f 2703 2702 2700
f 2701 2702 2703
f 2698 2704 2706
f 2704 161 2705
f 2706 2705 2699
f 2704 2705 2706
f 2700 2707 2709
f 2707 2699 2708
f 2709 2708 162
f 2707 2708 2709
f 2698 2710 2712
f 2710 2699 2711
f 2712 2711 2700
f 2710 2711 2712
f 4 2716 2718
f 2716 2713 2717
f 2718 2717 2715
f 2716 2717 2718
f 2713 2719 2721
f 2719 166 2720
f 2721 2720 2714
f 2719 2720 2721
f 2715 2722 2724
f 2722 2714 2723
f 2724 2723 168
f 2722 2723 2724
f 2713 2725 2727
f 2725 2714 2726
f 2727 2726 2715
f 2725 2726 2727
f 166 2731 2733
f 2731 2728 2732
f 2733 2732 2730
f 2731 2732 2733
f 2728 2734 2736
f 2734 163 2735
f 2736 2735 2729
f 2734 2735 2736
f 2730 2737 2739
f 2737 2729 2738
f 2739 2738 167
f 2737 2738 2739
f 2728 2740 2742
f 2740 2729 2741
f 2742 2741 2730
f 2740 2741 2742
f 168 2746 2748
f 2746 2743 2747
f 2748 2747 2745
f 2746 2747 2748
f 2743 2749 2751
f 2749 167 2750
f 2751 2750 2744
f 2749 2750 2751
f 2745 2752 2754
f 2752 2744 2753
f 2754 2753 165
f 2752 2753 2754
f 2743 2755 2757
f 2755 2744 2756
f 2757 2756 2745
f 2755 2756 2757
f 166 2761 2763
f 2761 2758 2762
f 2763 2762 2760
f 2761 2762 2763
f 2758 2764 2766
f 2764 167 2765
f 2766 2765 2759
f 2764 2765 2766
f 2760 2767 2769
f 2767 2759 2768
f 2769 2768 168
f 2767 2768 2769
f 2758 2770 2772
f 2770 2759 2771
f 2772 2771 2760
f 2770 2771 2772
f 163 2776 2778
f 2776 2773 2777
f 2778 2777 2775
f 2776 2777 2778
f 2773 2779 2781
f 2779 169 2780
f 2781 2780 2774
f 2779 2780 2781
f 2775 2782 2784
f 2782 2774 2783
f 2784 2783 171
f 2782 2783 2784
f 2773 2785 2787
f 2785 2774 2786
f 2787 2786 2775
f 2785 2786 2787
f 169 2791 2793
f 2791 2788 2792
f 2793 2792 2790
f 2791 2792 2793
f 2788 2794 2796
f 2794 10 2795
f 2796 2795 2789
f 2794 2795 2796
f 2790 2797 2799
f 2797 2789 2798
f 2799 2798 170
f 2797 2798 2799
f 2788 2800 2802
f 2800 2789 2801
f 2802 2801 2790
f 2800 2801 2802
f 171 2806 2808
f 2806 2803 2807
f 2808 2807 2805
f 2806 2807 2808
f 2803 2809 2811
f 2809 170 2810
f 2811 2810 2804
f 2809 2810 2811
f 2805 2812 2814
f 2812 2804 2813
f 2814 2813 164
f 2812 2813 2814
f 2803 2815 2817
f 2815 2804 2816
f 2817 2816 2805
f 2815 2816 2817
f 169 2821 2823
f 2821 2818 2822
f 2823 2822 2820
f 2821 2822 2823
f 2818 2824 2826
f 2824 170 2825
f 2826 2825 2819
f 2824 2825 2826
f 2820 2827 2829
f 2827 2819 2828
f 2829 2828 171
f 2827 2828 2829
f 2818 2830 2832
f 2830 2819 2831
f 2832 2831 2820
f 2830 2831 2832
f 165 2836 2838
f 2836 2833 2837
f 2838 2837 2835
f 2836 2837 2838
f 2833 2839 2841
f 2839 172 2840
f 2841 2840 2834
f 2839 2840 2841
f 2835 2842 2844
f 2842 2834 2843
f 2844 2843 174
f 2842 2843 2844
f 2833 2845 2847
f 2845 2834 2846
f 2847 2846 2835
f 2845 2846 2847
f 172 2851 2853
f 2851 2848 2852
f 2853 2852 2850
f 2851 2852 2853
f 2848 2854 2856
f 2854 164 2855
f 2856 2855 2849
f 2854 2855 2856
f 2850 2857 2859
f 2857 2849 2858
f 2859 2858 173
f 2857 2858 2859
f 2848 2860 2862
f 2860 2849 2861
f 2862 2861 2850
f 2860 2861 2862
f 174 2866 2868
f 2866 2863 2867
f 2868 2867 2865
f 2866 2867 2868
f 2863 2869 2871
f 2869 173 2870
f 2871 2870 2864
f 2869 2870 2871
f 2865 2872 2874
f 2872 2864 2873
f 2874 2873 5
f 2872 2873 2874
f 2863 2875 2877
f 2875 2864 2876
f 2877 2876 2865
f 2875 2876 2877
f 172 2881 2883
f 2881 2878 2882
f 2883 2882 2880
f 2881 2882 2883
f 2878 2884 2886
f 2884 173 2885
f 2886 2885 2879
f 2884 2885 2886
f 2880 2887 2889
f 2887 2879 2888
f 2889 2888 174
f 2887 2888 2889
f 2878 2890 2892
f 2890 2879 2891
f 2892 2891 2880
f 2890 2891 2892
f 163 2896 2898
f 2896 2893 2897
f 2898 2897 2895
f 2896 2897 2898
f 2893 2899 2901
f 2899 175 2900
f 2901 2900 2894
f 2899 2900 2901
f 2895 2902 2904
f 2902 2894 2903
f 2904 2903 177
f 2902 2903 2904
f 2893 2905 2907
f 2905 2894 2906
f 2907 2906 2895
f 2905 2906 2907
f 175 2911 2913
f 2911 2908 2912
f 2913 2912 2910
f 2911 2912 2913
f 2908 2914 2916
f 2914 164 2915
f 2916 2915 2909
f 2914 2915 2916
f 2910 2917 2919
f 2917 2909 2918
f 2919 2918 176
f 2917 2918 2919
f 2908 2920 2922
f 2920 2909 2921
f 2922 2921 2910
f 2920 2921 2922
f 177 2926 2928
f 2926 2923 2927
f 2928 2927 2925
f 2926 2927 2928
f 2923 2929 2931
f 2929 176 2930
f 2931 2930 2924
f 2929 2930 2931
f 2925 2932 2934
f 2932 2924 2933
f 2934 2933 165
f 2932 2933 2934
f 2923 2935 2937
f 2935 2924 2936
f 2937 2936 2925
f 2935 2936 2937
f 175 2941 2943
f 2941 2938 2942
f 2943 2942 2940
f 2941 2942 2943
f 2938 2944 2946
f 2944 176 2945
f 2946 2945 2939
f 2944 2945 2946
f 2940 2947 2949
f 2947 2939 2948
f 2949 2948 177
f 2947 2948 2949
f 2938 2950 2952
f 2950 2939 2951
f 2952 2951 2940
f 2950 2951 2952
f 4 2956 2958
f 2956 2953 2957
f 2958 2957 2955
f 2956 2957 2958
f 2953 2959 2961
f 2959 181 2960
f 2961 2960 2954
f 2959 2960 2961
f 2955 2962 2964
f 2962 2954 2963
f 2964 2963 183
f 2962 2963 2964
f 2953 2965 2967
f 2965 2954 2966
f 2967 2966 2955
f 2965 2966 2967
f 181 2971 2973
f 2971 2968 2972
f 2973 2972 2970
f 2971 2972 2973
f 2968 2974 2976
f 2974 178 2975
f 2976 2975 2969
f 2974 2975 2976
f 2970 2977 2979
f 2977 2969 2978
f 2979 2978 182
f 2977 2978 2979
f 2968 2980 2982
f 2980 2969 2981
f 2982 2981 2970
f 2980 2981 2982
f 183 2986 2988
f 2986 2983 2987
f 2988 2987 2985
f 2986 2987 2988
f 2983 2989 2991
f 2989 182 2990
f 2991 2990 2984
f 2989 2990 2991
f 2985 2992 2994
f 2992 2984 2993
f 2994 2993 180
f 2992 2993 2994
f 2983 2995 2997
f 2995 2984 2996
f 2997 2996 2985
f 2995 2996 2997
f 181 3001 3003
f 3001 2998 3002
f 3003 3002 3000
f 3001 3002 3003
f 2998 3004 3006
f 3004 182 3005
f 3006 3005 2999
f 3004 3005 3006
f 3000 3007 3009
f 3007 2999 3008
f 3009 3008 183
f 3007 3008 3009
f 2998 3010 3012
f 3010 2999 3011
f 3012 3011 3000
f 3010 3011 3012
f 178 3016 3018
f 3016 3013 3017
f 3018 3017 3015
f 3016 3017 3018
f 3013 3019 3021
f 3019 184 3020
f 3021 3020 3014
f 3019 3020 3021
f 3015 3022 3024
f 3022 3014 3023
f 3024 3023 186
f 3022 3023 3024
f 3013 3025 3027
f 3025 3014 3026
f 3027 3026 3015
f 3025 3026 3027
f 184 3031 3033
f 3031 3028 3032
f 3033 3032 3030
f 3031 3032 3033
f 3028 3034 3036
f 3034 5 3035
f 3036 3035 3029
f 3034 3035 3036
f 3030 3037 3039
f 3037 3029 3038
f 3039 3038 185
f 3037 3038 3039
f 3028 3040 3042
f 3040 3029 3041
f 3042 3041 3030
f 3040 3041 3042
f 186 3046 3048
f 3046 3043 3047
f 3048 3047 3045
f 3046 3047 3048
f 3043 3049 3051
f 3049 185 3050
f 3051 3050 3044
f 3049 3050 3051
f 3045 3052 3054
f 3052 3044 3053
f 3054 3053 179
f 3052 3053 3054
f 3043 3055 3057
f 3055 3044 3056
f 3057 3056 3045
f 3055 3056 3057
f 184 3061 3063
f 3061 3058 3062
f 3063 3062 3060
f 3061 3062 3063
f 3058 3064 3066
f 3064 185 3065
f 3066 3065 3059
f 3064 3065 3066
f 3060 3067 3069
f 3067 3059 3068
f 3069 3068 186
f 3067 3068 3069
f 3058 3070 3072
f 3070 3059 3071
f 3072 3071 3060
f 3070 3071 3072
f 180 3076 3078
f 3076 3073 3077
f 3078 3077 3075
f 3076 3077 3078
f 3073 3079 3081
f 3079 187 3080
f 3081 3080 3074
f 3079 3080 3081
f 3075 3082 3084
f 3082 3074 3083
f 3084 3083 189
f 3082 3083 3084
f 3073 3085 3087
f 3085 3074 3086
f 3087 3086 3075
f 3085 3086 3087
f 187 3091 3093
f 3091 3088 3092
f 3093 3092 3090
f 3091 3092 3093
f 3088 3094 3096
f 3094 179 3095
f 3096 3095 3089
f 3094 3095 3096
f 3090 3097 3099
f 3097 3089 3098
f 3099 3098 188
f 3097 3098 3099
f 3088 3100 3102
f 3100 3089 3101
f 3102 3101 3090
f 3100 3101 3102
f 189 3106 3108
f 3106 3103 3107
f 3108 3107 3105
f 3106 3107 3108
f 3103 3109 3111
f 3109 188 3110
f 3111 3110 3104
f 3109 3110 3111
f 3105 3112 3114
f 3112 3104 3113
f 3114 3113 3
f 3112 3113 3114
f 3103 3115 3117
f 3115 3104 3116
f 3117 3116 3105
f 3115 3116 3117
f 187 3121 3123
f 3121 3118 3122
f 3123 3122 3120
f 3121 3122 3123
f 3118 3124 3126
f 3124 188 3125
f 3126 3125 3119
f 3124 3125 3126
f 3120 3127 3129
f 3127 3119 3128
f 3129 3128 189
f 3127 3128 3129
f 3118 3130 3132
f 3130 3119 3131
f 3132 3131 3120
f 3130 3131 3132
f 178 3136 3138
f 3136 3133 3137
f 3138 3137 3135
f 3136 3137 3138
f 3133 3139 3141
f 3139 190 3140
f 3141 3140 3134
f 3139 3140 3141
f 3135 3142 3144
f 3142 3134 3143
f 3144 3143 192
f 3142 3143 3144
f 3133 3145 3147
f 3145 3134 3146
f 3147 3146 3135
f 3145 3146 3147
f 190 3151 3153
f 3151 3148 3152
f 3153 3152 3150
f 3151 3152 3153
f 3148 3154 3156
f 3154 179 3155
f 3156 3155 3149
f 3154 3155 3156
f 3150 3157 3159
f 3157 3149 3158
f 3159 3158 191
f 3157 3158 3159
f 3148 3160 3162
f 3160 3149 3161
f 3162 3161 3150
f 3160 3161 3162
f 192 3166 3168
f 3166 3163 3167
f 3168 3167 3165
f 3166 3167 3168
f 3163 3169 3171
f 3169 191 3170
f 3171 3170 3164
f 3169 3170 3171
f 3165 3172 3174
f 3172 3164 3173
f 3174 3173 180
f 3172 3173 3174
f 3163 3175 3177
f 3175 3164 3176
f 3177 3176 3165
f 3175 3176 3177
f 190 3181 3183
f 3181 3178 3182
f 3183 3182 3180
f 3181 3182 3183
f 3178 3184 3186
f 3184 191 3185
f 3186 3185 3179
f 3184 3185 3186
f 3180 3187 3189
f 3187 3179 3188
f 3189 3188 192
f 3187 3188 3189
f 3178 3190 3192
f 3190 3179 3191
f 3192 3191 3180
f 3190 3191 3192
f 4 3196 3198
f 3196 3193 3197
f 3198 3197 3195
f 3196 3197 3198
f 3193 3199 3201
f 3199 196 3200
f 3201 3200 3194
f 3199 3200 3201
f 3195 3202 3204
f 3202 3194 3203
f 3204 3203 198
f 3202 3203 3204
f 3193 3205 3207
f 3205 3194 3206
f 3207 3206 3195
f 3205 3206 3207
f 196 3211 3213
f 3211 3208 3212
f 3213 3212 3210
f 3211 3212 3213
f 3208 3214 3216
f 3214 193 3215
f 3216 3215 3209
f 3214 3215 3216
f 3210 3217 3219
f 3217 3209 3218
f 3219 3218 197
f 3217 3218 3219
f 3208 3220 3222
f 3220 3209 3221
f 3222 3221 3210
f 3220 3221 3222
f 198 3226 3228
f 3226 3223 3227
f 3228 3227 3225
f 3226 3227 3228
f 3223 3229 3231
f 3229 197 3230
f 3231 3230 3224
f 3229 3230 3231
f 3225 3232 3234
f 3232 3224 3233
f 3234 3233 195
f 3232 3233 3234
f 3223 3235 3237
f 3235 3224 3236
f 3237 3236 3225
f 3235 3236 3237
f 196 3241 3243
f 3241 3238 3242
f 3243 3242 3240
f 3241 3242 3243
f 3238 3244 3246
f 3244 197 3245
f 3246 3245 3239
f 3244 3245 3246
f 3240 3247 3249
f 3247 3239 3248
f 3249 3248 198
f 3247 3248 3249
f 3238 3250 3252
f 3250 3239 3251
f 3252 3251 3240
f 3250 3251 3252
f 193 3256 3258
f 3256 3253 3257
f 3258 3257 3255
f 3256 3257 3258
f 3253 3259 3261
f 3259 199 3260
f 3261 3260 3254
f 3259 3260 3261
f 3255 3262 3264
f 3262 3254 3263
f 3264 3263 201
f 3262 3263 3264
f 3253 3265 3267
f 3265 3254 3266
f 3267 3266 3255
f 3265 3266 3267
f 199 3271 3273
f 3271 3268 3272
f 3273 3272 3270
f 3271 3272 3273
f 3268 3274 3276
f 3274 3 3275
f 3276 3275 3269
f 3274 3275 3276
f 3270 3277 3279
f 3277 3269 3278
f 3279 3278 200
f 3277 3278 3279
f 3268 3280 3282
f 3280 3269 3281
f 3282 3281 3270
f 3280 3281 3282
f 201 3286 3288
f 3286 3283 3287
f 3288 3287 3285
f 3286 3287 3288
f 3283 3289 3291
f 3289 200 3290
f 3291 3290 3284
f 3289 3290 3291
f 3285 3292 3294
f 3292 3284 3293
f 3294 3293 194
f 3292 3293 3294
f 3283 3295 3297
f 3295 3284 3296
f 3297 3296 3285
f 3295 3296 3297
f 199 3301 3303
f 3301 3298 3302
f 3303 3302 3300
f 3301 3302 3303
f 3298 3304 3306
f 3304 200 3305
f 3306 3305 3299
f 3304 3305 3306
f 3300 3307 3309
f 3307 3299 3308
f 3309 3308 201
f 3307 3308 3309
f 3298 3310 3312
f 3310 3299 3311
f 3312 3311 3300
f 3310 3311 3312
f 195 3316 3318
f 3316 3313 3317
f 3318 3317 3315
f 3316 3317 3318
f 3313 3319 3321
f 3319 202 3320
f 3321 3320 3314
f 3319 3320 3321
f 3315 3322 3324
f 3322 3314 3323
f 3324 3323 204
f 3322 3323 3324
f 3313 3325 3327
f 3325 3314 3326
f 3327 3326 3315
f 3325 3326 3327
f 202 3331 3333
f 3331 3328 3332
f 3333 3332 3330
f 3331 3332 3333
f 3328 3334 3336
f 3334 194 3335
f 3336 3335 3329
f 3334 3335 3336
f 3330 3337 3339
f 3337 3329 3338
f 3339 3338 203
f 3337 3338 3339
f 3328 3340 3342
f 3340 3329 3341
f 3342 3341 3330
f 3340 3341 3342
f 204 3346 3348
f 3346 3343 3347
f 3348 3347 3345
f 3346 3347 3348
f 3343 3349 3351
f 3349 203 3350
f 3351 3350 3344
f 3349 3350 3351
f 3345 3352 3354
f 3352 3344 3353
f 3354 3353 7
f 3352 3353 3354
f 3343 3355 3357
f 3355 3344 3356
f 3357 3356 3345
f 3355 3356 3357
f 202 3361 3363
f 3361 3358 3362
f 3363 3362 3360
f 3361 3362 3363
f 3358 3364 3366
f 3364 203 3365
f 3366 3365 3359
f 3364 3365 3366
f 3360 3367 3369
f 3367 3359 3368
f 3369 3368 204
f 3367 3368 3369
f 3358 3370 3372
f 3370 3359 3371
f 3372 3371 3360
f 3370 3371 3372
f 193 3376 3378
f 3376 3373 3377
f 3378 3377 3375
f 3376 3377 3378
f 3373 3379 3381
f 3379 205 3380
f 3381 3380 3374
f 3379 3380 3381
f 3375 3382 3384
f 3382 3374 3383
f 3384 3383 207
f 3382 3383 3384
f 3373 3385 3387
f 3385 3374 3386
f 3387 3386 3375
f 3385 3386 3387
f 205 3391 3393
f 3391 3388 3392
f 3393 3392 3390
f 3391 3392 3393
f 3388 3394 3396
f 3394 194 3395
f 3396 3395 3389
f 3394 3395 3396
f 3390 3397 3399
f 3397 3389 3398
f 3399 3398 206
f 3397 3398 3399
f 3388 3400 3402
f 3400 3389 3401
f 3402 3401 3390
f 3400 3401 3402
f 207 3406 3408
f 3406 3403 3407
f 3408 3407 3405
f 3406 3407 3408
f 3403 3409 3411
f 3409 206 3410
f 3411 3410 3404
f 3409 3410 3411
f 3405 3412 3414
f 3412 3404 3413
f 3414 3413 195
f 3412 3413 3414
f 3403 3415 3417
f 3415 3404 3416
f 3417 3416 3405
f 3415 3416 3417
f 205 3421 3423
f 3421 3418 3422
f 3423 3422 3420
f 3421 3422 3423
f 3418 3424 3426
f 3424 206 3425
f 3426 3425 3419
f 3424 3425 3426
f 3420 3427 3429
f 3427 3419 3428
f 3429 3428 207
f 3427 3428 3429
f 3418 3430 3432
f 3430 3419 3431
f 3432 3431 3420
f 3430 3431 3432
f 4 3436 3438
f 3436 3433 3437
f 3438 3437 3435
f 3436 3437 3438
f 3433 3439 3441
f 3439 211 3440
f 3441 3440 3434
f 3439 3440 3441
f 3435 3442 3444
f 3442 3434 3443
f 3444 3443 213
f 3442 3443 3444
f 3433 3445 3447
f 3445 3434 3446
f 3447 3446 3435
f 3445 3446 3447
f 211 3451 3453
f 3451 3448 3452
f 3453 3452 3450
f 3451 3452 3453
f 3448 3454 3456
f 3454 208 3455
f 3456 3455 3449
f 3454 3455 3456
f 3450 3457 3459
f 3457 3449 3458
f 3459 3458 212
f 3457 3458 3459
f 3448 3460 3462
f 3460 3449 3461
f 3462 3461 3450
f 3460 3461 3462
f 213 3466 3468
f 3466 3463 3467
f 3468 3467 3465
f 3466 3467 3468
f 3463 3469 3471
f 3469 212 3470
f 3471 3470 3464
f 3469 3470 3471
f 3465 3472 3474
f 3472 3464 3473
f 3474 3473 210
f 3472 3473 3474
f 3463 3475 3477
f 3475 3464 3476
f 3477 3476 3465
f 3475 3476 3477
f 211 3481 3483
f 3481 3478 3482
f 3483 3482 3480
f 3481 3482 3483
f 3478 3484 3486
f 3484 212 3485
f 3486 3485 3479
f 3484 3485 3486
f 3480 3487 3489
f 3487 3479 3488
f 3489 3488 213
f 3487 3488 3489
f 3478 3490 3492
f 3490 3479 3491
f 3492 3491 3480
f 3490 3491 3492
f 208 3496 3498
f 3496 3493 3497
f 3498 3497 3495
f 3496 3497 3498
f 3493 3499 3501
f 3499 214 3500
f 3501 3500 3494
f 3499 3500 3501
f 3495 3502 3504
f 3502 3494 3503
f 3504 3503 216
f 3502 3503 3504
f 3493 3505 3507
f 3505 3494 3506
f 3507 3506 3495
f 3505 3506 3507
f 214 3511 3513
f 3511 3508 3512
f 3513 3512 3510
f 3511 3512 3513
f 3508 3514 3516
f 3514 7 3515
f 3516 3515 3509
f 3514 3515 3516
f 3510 3517 3519
f 3517 3509 3518
f 3519 3518 215
f 3517 3518 3519
f 3508 3520 3522
f 3520 3509 3521
f 3522 3521 3510
f 3520 3521 3522
f 216 3526 3528
f 3526 3523 3527
f 3528 3527 3525
f 3526 3527 3528
f 3523 3529 3531
f 3529 215 3530
f 3531 3530 3524
f 3529 3530 3531
f 3525 3532 3534
f 3532 3524 3533
f 3534 3533 209
f 3532 3533 3534
f 3523 3535 3537
f 3535 3524 3536
f 3537 3536 3525
f 3535 3536 3537
f 214 3541 3543
f 3541 3538 3542
f 3543 3542 3540
f 3541 3542 3543
f 3538 3544 3546
f 3544 215 3545
f 3546 3545 3539
f 3544 3545 3546
f 3540 3547 3549
f 3547 3539 3548
f 3549 3548 216
f 3547 3548 3549
f 3538 3550 3552
f 3550 3539 3551
f 3552 3551 3540
f 3550 3551 3552
f 210 3556 3558
f 3556 3553 3557
f 3558 3557 3555
f 3556 3557 3558
f 3553 3559 3561
f 3559 217 3560
f 3561 3560 3554
f 3559 3560 3561
f 3555 3562 3564
f 3562 3554 3563
f 3564 3563 219
f 3562 3563 3564
f 3553 3565 3567
f 3565 3554 3566
f 3567 3566 3555
f 3565 3566 3567
f 217 3571 3573
f 3571 3568 3572
f 3573 3572 3570
f 3571 3572 3573
f 3568 3574 3576
f 3574 209 3575
f 3576 3575 3569
f 3574 3575 3576
f 3570 3577 3579
f 3577 3569 3578
f 3579 3578 218
f 3577 3578 3579
f 3568 3580 3582
f 3580 3569 3581
f 3582 3581 3570
f 3580 3581 3582
f 219 3586 3588
f 3586 3583 3587
f 3588 3587 3585
f 3586 3587 3588
f 3583 3589 3591
f 3589 218 3590
f 3591 3590 3584
f 3589 3590 3591
f 3585 3592 3594
f 3592 3584 3593
f 3594 3593 9
f 3592 3593 3594
f 3583 3595 3597
f 3595 3584 3596
f 3597 3596 3585
f 3595 3596 3597
f 217 3601 3603
f 3601 3598 3602
f 3603 3602 3600
f 3601 3602 3603
f 3598 3604 3606
f 3604 218 3605
f 3606 3605 3599
f 3604 3605 3606
f 3600 3607 3609
f 3607 3599 3608
f 3609 3608 219
f 3607 3608 3609
f 3598 3610 3612
f 3610 3599 3611
f 3612 3611 3600
f 3610 3611 3612
f 208 3616 3618
f 3616 3613 3617
f 3618 3617 3615
f 3616 3617 3618
f 3613 3619 3621
f 3619 220 3620
f 3621 3620 3614
f 3619 3620 3621
f 3615 3622 3624
f 3622 3614 3623
f 3624 3623 222
f 3622 3623 3624
f 3613 3625 3627
f 3625 3614 3626
f 3627 3626 3615
f 3625 3626 3627
f 220 3631 3633
f 3631 3628 3632
f 3633 3632 3630
f 3631 3632 3633
f 3628 3634 3636
f 3634 209 3635
f 3636 3635 3629
f 3634 3635 3636
f 3630 3637 3639
f 3637 3629 3638
f 3639 3638 221
f 3637 3638 3639
f 3628 3640 3642
f 3640 3629 3641
f 3642 3641 3630
f 3640 3641 3642
f 222 3646 3648
f 3646 3643 3647
f 3648 3647 3645
f 3646 3647 3648
f 3643 3649 3651
f 3649 221 3650
f 3651 3650 3644
f 3649 3650 3651
f 3645 3652 3654
f 3652 3644 3653
f 3654 3653 210
f 3652 3653 3654
f 3643 3655 3657
f 3655 3644 3656
f 3657 3656 3645
f 3655 3656 3657
f 220 3661 3663
f 3661 3658 3662
f 3663 3662 3660
f 3661 3662 3663
f 3658 3664 3666
f 3664 221 3665
f 3666 3665 3659
f 3664 3665 3666
f 3660 3667 3669
f 3667 3659 3668
f 3669 3668 222
f 3667 3668 3669
f 3658 3670 3672
f 3670 3659 3671
f 3672 3671 3660
f 3670 3671 3672
f 4 3676 3678
f 3676 3673 3677
f 3678 3677 3675
f 3676 3677 3678
f 3673 3679 3681
f 3679 226 3680
f 3681 3680 3674
f 3679 3680 3681
f 3675 3682 3684
f 3682 3674 3683
f 3684 3683 228
f 3682 3683 3684
f 3673 3685 3687
f 3685 3674 3686
f 3687 3686 3675
f 3685 3686 3687
f 226 3691 3693
f 3691 3688 3692
f 3693 3692 3690
f 3691 3692 3693
f 3688 3694 3696
f 3694 223 3695
f 3696 3695 3689
f 3694 3695 3696
f 3690 3697 3699
f 3697 3689 3698
f 3699 3698 227
f 3697 3698 3699
f 3688 3700 3702
f 3700 3689 3701
f 3702 3701 3690
f 3700 3701 3702
f 228 3706 3708
f 3706 3703 3707
f 3708 3707 3705
f 3706 3707 3708
f 3703 3709 3711
f 3709 227 3710
f 3711 3710 3704
f 3709 3710 3711
f 3705 3712 3714
f 3712 3704 3713
f 3714 3713 225
f 3712 3713 3714
f 3703 3715 3717
f 3715 3704 3716
f 3717 3716 3705
f 3715 3716 3717
f 226 3721 3723
f 3721 3718 3722
f 3723 3722 3720
f 3721 3722 3723
f 3718 3724 3726
f 3724 227 3725
f 3726 3725 3719
f 3724 3725 3726
f 3720 3727 3729
f 3727 3719 3728
f 3729 3728 228
f 3727 3728 3729
f 3718 3730 3732
f 3730 3719 3731
f 3732 3731 3720
f 3730 3731 3732
f 223 3736 3738
f 3736 3733 3737
f 3738 3737 3735
f 3736 3737 3738
f 3733 3739 3741
f 3739 229 3740
f 3741 3740 3734
f 3739 3740 3741
f 3735 3742 3744
f 3742 3734 3743
f 3744 3743 231
f 3742 3743 3744
f 3733 3745 3747
f 3745 3734 3746
f 3747 3746 3735
f 3745 3746 3747
f 229 3751 3753
f 3751 3748 3752
f 3753 3752 3750
f 3751 3752 3753
f 3748 3754 3756
f 3754 9 3755
f 3756 3755 3749
f 3754 3755 3756
f 3750 3757 3759
f 3757 3749 3758
f 3759 3758 230
f 3757 3758 3759
f 3748 3760 3762
f 3760 3749 3761
f 3762 3761 3750
f 3760 3761 3762
f 231 3766 3768
f 3766 3763 3767
f 3768 3767 3765
f 3766 3767 3768
f 3763 3769 3771
f 3769 230 3770
f 3771 3770 3764
f 3769 3770 3771
f 3765 3772 3774
f 3772 3764 3773
f 3774 3773 224
f 3772 3773 3774
f 3763 3775 3777
f 3775 3764 3776
f 3777 3776 3765
f 3775 3776 3777
f 229 3781 3783
f 3781 3778 3782
f 3783 3782 3780
f 3781 3782 3783
f 3778 3784 3786
f 3784 230 3785
f 3786 3785 3779
f 3784 3785 3786
f 3780 3787 3789
f 3787 3779 3788
f 3789 3788 231
f 3787 3788 3789
f 3778 3790 3792
f 3790 3779 3791
f 3792 3791 3780
f 3790 3791 3792
f 225 3796 3798
f 3796 3793 3797
f 3798 3797 3795
f 3796 3797 3798
f 3793 3799 3801
f 3799 232 3800
f 3801 3800 3794
f 3799 3800 3801
f 3795 3802 3804
f 3802 3794 3803
f 3804 3803 234
f 3802 3803 3804
f 3793 3805 3807
f 3805 3794 3806
f 3807 3806 3795
f 3805 3806 3807
f 232 3811 3813
f 3811 3808 3812
f 3813 3812 3810
f 3811 3812 3813
f 3808 3814 3816
f 3814 224 3815
f 3816 3815 3809
f 3814 3815 3816
f 3810 3817 3819
f 3817 3809 3818
f 3819 3818 233
f 3817 3818 3819
f 3808 3820 3822
f 3820 3809 3821
f 3822 3821 3810
f 3820 3821 3822
f 234 3826 3828
f 3826 3823 3827
f 3828 3827 3825
f 3826 3827 3828
f 3823 3829 3831
f 3829 233 3830
f 3831 3830 3824
f 3829 3830 3831
f 3825 3832 3834
f 3832 3824 3833
f 3834 3833 10
f 3832 3833 3834
f 3823 3835 3837
f 3835 3824 3836
f 3837 3836 3825
f 3835 3836 3837
f 232 3841 3843
f 3841 3838 3842
f 3843 3842 3840
f 3841 3842 3843
f 3838 3844 3846
f 3844 233 3845
f 3846 3845 3839
f 3844 3845 3846
f 3840 3847 3849
f 3847 3839 3848
f 3849 3848 234
f 3847 3848 3849
f 3838 3850 3852
f 3850 3839 3851
f 3852 3851 3840
f 3850 3851 3852
f 223 3856 3858
f 3856 3853 3857
f 3858 3857 3855
f 3856 3857 3858
f 3853 3859 3861
f 3859 235 3860
f 3861 3860 3854
f 3859 3860 3861
f 3855 3862 3864
f 3862 3854 3863
f 3864 3863 237
f 3862 3863 3864
f 3853 3865 3867
f 3865 3854 3866
f 3867 3866 3855
f 3865 3866 3867
f 235 3871 3873
f 3871 3868 3872
f 3873 3872 3870
f 3871 3872 3873
f 3868 3874 3876
f 3874 224 3875
f 3876 3875 3869
f 3874 3875 3876
f 3870 3877 3879
f 3877 3869 3878
f 3879 3878 236
f 3877 3878 3879
f 3868 3880 3882
f 3880 3869 3881
f 3882 3881 3870
f 3880 3881 3882
f 237 3886 3888
f 3886 3883 3887
f 3888 3887 3885
f 3886 3887 3888
f 3883 3889 3891
f 3889 236 3890
f 3891 3890 3884
f 3889 3890 3891
f 3885 3892 3894
f 3892 3884 3893
f 3894 3893 225
f 3892 3893 3894
f 3883 3895 3897
f 3895 3884 3896
f 3897 3896 3885
f 3895 3896 3897
f 235 3901 3903
f 3901 3898 3902
f 3903 3902 3900
f 3901 3902 3903
f 3898 3904 3906
f 3904 236 3905
f 3906 3905 3899
f 3904 3905 3906
f 3900 3907 3909
f 3907 3899 3908
f 3909 3908 237
f 3907 3908 3909
f 3898 3910 3912
f 3910 3899 3911
f 3912 3911 3900
f 3910 3911 3912
f 5 3916 3918
f 3916 3913 3917
f 3918 3917 3915
f 3916 3917 3918
f 3913 3919 3921
f 3919 241 3920
f 3921 3920 3914
f 3919 3920 3921
f 3915 3922 3924
f 3922 3914 3923
f 3924 3923 243
f 3922 3923 3924
f 3913 3925 3927
f 3925 3914 3926
f 3927 3926 3915
f 3925 3926 3927
f 241 3931 3933
f 3931 3928 3932
f 3933 3932 3930
f 3931 3932 3933
f 3928 3934 3936
f 3934 238 3935
f 3936 3935 3929
f 3934 3935 3936
f 3930 3937 3939
f 3937 3929 3938
f 3939 3938 242
f 3937 3938 3939
f 3928 3940 3942
f 3940 3929 3941
f 3942 3941 3930
f 3940 3941 3942
f 243 3946 3948
f 3946 3943 3947
f 3948 3947 3945
f 3946 3947 3948
f 3943 3949 3951
f 3949 242 3950
f 3951 3950 3944
f 3949 3950 3951
f 3945 3952 3954
f 3952 3944 3953
f 3954 3953 240
f 3952 3953 3954
f 3943 3955 3957
f 3955 3944 3956
f 3957 3956 3945
f 3955 3956 3957
f 241 3961 3963
f 3961 3958 3962
f 3963 3962 3960
f 3961 3962 3963
f 3958 3964 3966
f 3964 242 3965
f 3966 3965 3959
f 3964 3965 3966
f 3960 3967 3969
f 3967 3959 3968
f 3969 3968 243
f 3967 3968 3969
f 3958 3970 3972
f 3970 3959 3971
f 3972 3971 3960
f 3970 3971 3972
f 238 3976 3978
f 3976 3973 3977
f 3978 3977 3975
f 3976 3977 3978
f 3973 3979 3981
f 3979 244 3980
f 3981 3980 3974
f 3979 3980 3981
f 3975 3982 3984
f 3982 3974 3983
f 3984 3983 246
f 3982 3983 3984
f 3973 3985 3987
f 3985 3974 3986
f 3987 3986 3975
f 3985 3986 3987
f 244 3991 3993
f 3991 3988 3992
f 3993 3992 3990
f 3991 3992 3993
f 3988 3994 3996
f 3994 10 3995
f 3996 3995 3989
f 3994 3995 3996
f 3990 3997 3999
f 3997 3989 3998
f 3999 3998 245
f 3997 3998 3999
f 3988 4000 4002
f 4000 3989 4001
f 4002 4001 3990
f 4000 4001 4002
f 246 4006 4008
f 4006 4003 4007
f 4008 4007 4005
f 4006 4007 4008
f 4003 4009 4011
f 4009 245 4010
f 4011 4010 4004
f 4009 4010 4011
f 4005 4012 4014
f 4012 4004 4013
f 4014 4013 239
f 4012 4013 4014
f 4003 4015 4017
f 4015 4004 4016
f 4017 4016 4005
f 4015 4016 4017
f 244 4021 4023
f 4021 4018 4022
f 4023 4022 4020
f 4021 4022 4023
f 4018 4024 4026
f 4024 245 4025
f 4026 4025 4019
f 4024 4025 4026
f 4020 4027 4029
f 4027 4019 4028
f 4029 4028 246
f 4027 4028 4029
f 4018 4030 4032
f 4030 4019 4031
f 4032 4031 4020
f 4030 4031 4032
f 240 4036 4038
f 4036 4033 4037
f 4038 4037 4035
f 4036 4037 4038
f 4033 4039 4041
f 4039 247 4040
f 4041 4040 4034
f 4039 4040 4041
f 4035 4042 4044
f 4042 4034 4043
f 4044 4043 249
f 4042 4043 4044
f 4033 4045 4047
f 4045 4034 4046
f 4047 4046 4035
f 4045 4046 4047
f 247 4051 4053
f 4051 4048 4052
f 4053 4052 4050
f 4051 4052 4053
f 4048 4054 4056
f 4054 239 4055
f 4056 4055 4049
f 4054 4055 4056
f 4050 4057 4059
f 4057 4049 4058
f 4059 4058 248
f 4057 4058 4059
f 4048 4060 4062
f 4060 4049 4061
f 4062 4061 4050
f 4060 4061 4062
f 249 4066 4068
f 4066 4063 4067
f 4068 4067 4065
f 4066 4067 4068
f 4063 4069 4071
f 4069 248 4070
f 4071 4070 4064
f 4069 4070 4071
f 4065 4072 4074
f 4072 4064 4073
f 4074 4073 6
f 4072 4073 4074
f 4063 4075 4077
f 4075 4064 4076
f 4077 4076 4065
f 4075 4076 4077
f 247 4081 4083
f 4081 4078 4082
f 4083 4082 4080
f 4081 4082 4083
f 4078 4084 4086
f 4084 248 4085
f 4086 4085 4079
f 4084 4085 4086
f 4080 4087 4089
f 4087 4079 4088
f 4089 4088 249
f 4087 4088 4089
f 4078 4090 4092
f 4090 4079 4091
f 4092 4091 4080
f 4090 4091 4092
f 238 4096 4098
f 4096 4093 4097
f 4098 4097 4095
f 4096 4097 4098
f 4093 4099 4101
f 4099 250 4100
f 4101 4100 4094
f 4099 4100 4101
f 4095 4102 4104
f 4102 4094 4103
f 4104 4103 252
f 4102 4103 4104
f 4093 4105 4107
f 4105 4094 4106
f 4107 4106 4095
f 4105 4106 4107
f 250 4111 4113
f 4111 4108 4112
f 4113 4112 4110
f 4111 4112 4113
f 4108 4114 4116
f 4114 239 4115
f 4116 4115 4109
f 4114 4115 4116
f 4110 4117 4119
f 4117 4109 4118
f 4119 4118 251
f 4117 4118 4119
f 4108 4120 4122
f 4120 4109 4121
f 4122 4121 4110
f 4120 4121 4122
f 252 4126 4128
f 4126 4123 4127
f 4128 4127 4125
f 4126 4127 4128
f 4123 4129 4131
f 4129 251 4130
f 4131 4130 4124
f 4129 4130 4131
f 4125 4132 4134
f 4132 4124 4133
f 4134 4133 240
f 4132 4133 4134
f 4123 4135 4137
f 4135 4124 4136
f 4137 4136 4125
f 4135 4136 4137
f 250 4141 4143
f 4141 4138 4142
f 4143 4142 4140
f 4141 4142 4143
f 4138 4144 4146
f 4144 251 4145
f 4146 4145 4139
f 4144 4145 4146
f 4140 4147 4149
f 4147 4139 4148
f 4149 4148 252
f 4147 4148 4149
f 4138 4150 4152
f 4150 4139 4151
f 4152 4151 4140
f 4150 4151 4152
f 3 4156 4158
f 4156 4153 4157
f 4158 4157 4155
f 4156 4157 4158
f 4153 4159 4161
f 4159 256 4160
f 4161 4160 4154
f 4159 4160 4161
f 4155 4162 4164
f 4162 4154 4163
f 4164 4163 258
f 4162 4163 4164
f 4153 4165 4167
f 4165 4154 4166
f 4167 4166 4155
f 4165 4166 4167
f 256 4171 4173
f 4171 4168 4172
f 4173 4172 4170
f 4171 4172 4173
f 4168 4174 4176
f 4174 253 4175
f 4176 4175 4169
f 4174 4175 4176
f 4170 4177 4179
f 4177 4169 4178
f 4179 4178 257
f 4177 4178 4179
f 4168 4180 4182
f 4180 4169 4181
f 4182 4181 4170
f 4180 4181 4182
f 258 4186 4188
f 4186 4183 4187
f 4188 4187 4185
f 4186 4187 4188
f 4183 4189 4191
f 4189 257 4190
f 4191 4190 4184
f 4189 4190 4191
f 4185 4192 4194
f 4192 4184 4193
f 4194 4193 255
f 4192 4193 4194
f 4183 4195 4197
f 4195 4184 4196
f 4197 4196 4185
f 4195 4196 4197
f 256 4201 4203
f 4201 4198 4202
f 4203 4202 4200
f 4201 4202 4203
f 4198 4204 4206
f 4204 257 4205
f 4206 4205 4199
f 4204 4205 4206
f 4200 4207 4209
f 4207 4199 4208
f 4209 4208 258
f 4207 4208 4209
f 4198 4210 4212
f 4210 4199 4211
f 4212 4211 4200
f 4210 4211 4212
f 253 4216 4218
f 4216 4213 4217
f 4218 4217 4215
f 4216 4217 4218
f 4213 4219 4221
f 4219 259 4220
f 4221 4220 4214
f 4219 4220 4221
f 4215 4222 4224
f 4222 4214 4223
f 4224 4223 261
f 4222 4223 4224
f 4213 4225 4227
f 4225 4214 4226
f 4227 4226 4215
f 4225 4226 4227
f 259 4231 4233
f 4231 4228 4232
f 4233 4232 4230
f 4231 4232 4233
f 4228 4234 4236
f 4234 5 4235
f 4236 4235 4229
f 4234 4235 4236
f 4230 4237 4239
f 4237 4229 4238
f 4239 4238 260
f 4237 4238 4239
f 4228 4240 4242
f 4240 4229 4241
f 4242 4241 4230
f 4240 4241 4242
f 261 4246 4248
f 4246 4243 4247
f 4248 4247 4245
f 4246 4247 4248
f 4243 4249 4251
f 4249 260 4250
f 4251 4250 4244
f 4249 4250 4251
f 4245 4252 4254
f 4252 4244 4253
f 4254 4253 254
f 4252 4253 4254
f 4243 4255 4257
f 4255 4244 4256
f 4257 4256 4245
f 4255 4256 4257
f 259 4261 4263
f 4261 4258 4262
f 4263 4262 4260
f 4261 4262 4263
f 4258 4264 4266
f 4264 260 4265
f 4266 4265 4259
f 4264 4265 4266
f 4260 4267 4269
f 4267 4259 4268
f 4269 4268 261
f 4267 4268 4269
f 4258 4270 4272
f 4270 4259 4271
f 4272 4271 4260
f 4270 4271 4272
f 255 4276 4278
f 4276 4273 4277
f 4278 4277 4275
f 4276 4277 4278
f 4273 4279 4281
f 4279 262 4280
f 4281 4280 4274
f 4279 4280 4281
f 4275 4282 4284
f 4282 4274 4283
f 4284 4283 264
f 4282 4283 4284
f 4273 4285 4287
f 4285 4274 4286
f 4287 4286 4275
f 4285 4286 4287
f 262 4291 4293
f 4291 4288 4292
f 4293 4292 4290
f 4291 4292 4293
f 4288 4294 4296
f 4294 254 4295
f 4296 4295 4289
f 4294 4295 4296
f 4290 4297 4299
f 4297 4289 4298
f 4299 4298 263
f 4297 4298 4299
f 4288 4300 4302
f 4300 4289 4301
f 4302 4301 4290
f 4300 4301 4302
f 264 4306 4308
f 4306 4303 4307
f 4308 4307 4305
f 4306 4307 4308
f 4303 4309 4311
f 4309 263 4310
f 4311 4310 4304
f 4309 4310 4311
f 4305 4312 4314
f 4312 4304 4313
f 4314 4313 12
f 4312 4313 4314
f 4303 4315 4317
f 4315 4304 4316
f 4317 4316 4305
f 4315 4316 4317
f 262 4321 4323
f 4321 4318 4322
f 4323 4322 4320
f 4321 4322 4323
f 4318 4324 4326
f 4324 263 4325
f 4326 4325 4319
f 4324 4325 4326
f 4320 4327 4329
f 4327 4319 4328
f 4329 4328 264
f 4327 4328 4329
f 4318 4330 4332
f 4330 4319 4331
f 4332 4331 4320
f 4330 4331 4332
f 253 4336 4338
f 4336 4333 4337
f 4338 4337 4335
f 4336 4337 4338
f 4333 4339 4341
f 4339 265 4340
f 4341 4340 4334
f 4339 4340 4341
f 4335 4342 4344
f 4342 4334 4343
f 4344 4343 267
f 4342 4343 4344
f 4333 4345 4347
f 4345 4334 4346
f 4347 4346 4335
f 4345 4346 4347
f 265 4351 4353
f 4351 4348 4352
f 4353 4352 4350
f 4351 4352 4353
f 4348 4354 4356
f 4354 254 4355
f 4356 4355 4349
f 4354 4355 4356
f 4350 4357 4359
f 4357 4349 4358
f 4359 4358 266
f 4357 4358 4359
f 4348 4360 4362
f 4360 4349 4361
f 4362 4361 4350
f 4360 4361 4362
f 267 4366 4368
f 4366 4363 4367
f 4368 4367 4365
f 4366 4367 4368
f 4363 4369 4371
f 4369 266 4370
f 4371 4370 4364
f 4369 4370 4371
f 4365 4372 4374
f 4372 4364 4373
f 4374 4373 255
f 4372 4373 4374
f 4363 4375 4377
f 4375 4364 4376
f 4377 4376 4365
f 4375 4376 4377
f 265 4381 4383
f 4381 4378 4382
f 4383 4382 4380
f 4381 4382 4383
f 4378 4384 4386
f 4384 266 4385
f 4386 4385 4379
f 4384 4385 4386
f 4380 4387 4389
f 4387 4379 4388
f 4389 4388 267
f 4387 4388 4389
f 4378 4390 4392
f 4390 4379 4391
f 4392 4391 4380
f 4390 4391 4392
f 7 4396 4398
f 4396 4393 4397
f 4398 4397 4395
f 4396 4397 4398
f 4393 4399 4401
f 4399 271 4400
f 4401 4400 4394
f 4399 4400 4401
f 4395 4402 4404
f 4402 4394 4403
f 4404 4403 273
f 4402 4403 4404
f 4393 4405 4407
f 4405 4394 4406
f 4407 4406 4395
f 4405 4406 4407
f 271 4411 4413
f 4411 4408 4412
f 4413 4412 4410
f 4411 4412 4413
f 4408 4414 4416
f 4414 268 4415
f 4416 4415 4409
f 4414 4415 4416
f 4410 4417 4419
f 4417 4409 4418
f 4419 4418 272
f 4417 4418 4419
f 4408 4420 4422
f 4420 4409 4421
f 4422 4421 4410
f 4420 4421 4422
f 273 4426 4428
f 4426 4423 4427
f 4428 4427 4425
f 4426 4427 4428
f 4423 4429 4431
f 4429 272 4430
f 4431 4430 4424
f 4429 4430 4431
f 4425 4432 4434
f 4432 4424 4433
f 4434 4433 270
f 4432 4433 4434
f 4423 4435 4437
f 4435 4424 4436
f 4437 4436 4425
f 4435 4436 4437
f 271 4441 4443
f 4441 4438 4442
f 4443 4442 4440
f 4441 4442 4443
f 4438 4444 4446
f 4444 272 4445
f 4446 4445 4439
f 4444 4445 4446
f 4440 4447 4449
f 4447 4439 4448
f 4449 4448 273
f 4447 4448 4449
f 4438 4450 4452
f 4450 4439 4451
f 4452 4451 4440
f 4450 4451 4452
f 268 4456 4458
f 4456 4453 4457
f 4458 4457 4455
f 4456 4457 4458
f 4453 4459 4461
f 4459 274 4460
f 4461 4460 4454
f 4459 4460 4461
f 4455 4462 4464
f 4462 4454 4463
f 4464 4463 276
f 4462 4463 4464
f 4453 4465 4467
f 4465 4454 4466
f 4467 4466 4455
f 4465 4466 4467
f 274 4471 4473
f 4471 4468 4472
f 4473 4472 4470
f 4471 4472 4473
f 4468 4474 4476
f 4474 3 4475
f 4476 4475 4469
f 4474 4475 4476
f 4470 4477 4479
f 4477 4469 4478
f 4479 4478 275
f 4477 4478 4479
f 4468 4480 4482
f 4480 4469 4481
f 4482 4481 4470
f 4480 4481 4482
f 276 4486 4488
f 4486 4483 4487
f 4488 4487 4485
f 4486 4487 4488
f 4483 4489 4491
f 4489 275 4490
f 4491 4490 4484
f 4489 4490 4491
f 4485 4492 4494
f 4492 4484 4493
f 4494 4493 269
f 4492 4493 4494
f 4483 4495 4497
f 4495 4484 4496
f 4497 4496 4485
f 4495 4496 4497
f 274 4501 4503
f 4501 4498 4502
f 4503 4502 4500
f 4501 4502 4503
f 4498 4504 4506
f 4504 275 4505
f 4506 4505 4499
f 4504 4505 4506
f 4500 4507 4509
f 4507 4499 4508
f 4509 4508 276
f 4507 4508 4509
f 4498 4510 4512
f 4510 4499 4511
f 4512 4511 4500
f 4510 4511 4512
f 270 4516 4518
f 4516 4513 4517
f 4518 4517 4515
f 4516 4517 4518
f 4513 4519 4521
f 4519 277 4520
f 4521 4520 4514
f 4519 4520 4521
f 4515 4522 4524
f 4522 4514 4523
f 4524 4523 279
f 4522 4523 4524
f 4513 4525 4527
f 4525 4514 4526
f 4527 4526 4515
f 4525 4526 4527
f 277 4531 4533
f 4531 4528 4532
f 4533 4532 4530
f 4531 4532 4533
f 4528 4534 4536
f 4534 269 4535
f 4536 4535 4529
f 4534 4535 4536
f 4530 4537 4539
f 4537 4529 4538
f 4539 4538 278
f 4537 4538 4539
f 4528 4540 4542
f 4540 4529 4541
f 4542 4541 4530
f 4540 4541 4542
f 279 4546 4548
f 4546 4543 4547
f 4548 4547 4545
f 4546 4547 4548
f 4543 4549 4551
f 4549 278 4550
f 4551 4550 4544
f 4549 4550 4551
f 4545 4552 4554
f 4552 4544 4553
f 4554 4553 11
f 4552 4553 4554
f 4543 4555 4557
f 4555 4544 4556
f 4557 4556 4545
f 4555 4556 4557
f 277 4561 4563
f 4561 4558 4562
f 4563 4562 4560
f 4561 4562 4563
f 4558 4564 4566
f 4564 278 4565
f 4566 4565 4559
f 4564 4565 4566
f 4560 4567 4569
f 4567 4559 4568
f 4569 4568 279
f 4567 4568 4569
f 4558 4570 4572
f 4570 4559 4571
f 4572 4571 4560
f 4570 4571 4572
f 268 4576 4578
f 4576 4573 4577
f 4578 4577 4575
f 4576 4577 4578
f 4573 4579 4581
f 4579 280 4580
f 4581 4580 4574
f 4579 4580 4581
f 4575 4582 4584
f 4582 4574 4583
f 4584 4583 282
f 4582 4583 4584
f 4573 4585 4587
f 4585 4574 4586
f 4587 4586 4575
f 4585 4586 4587
f 280 4591 4593
f 4591 4588 4592
f 4593 4592 4590
f 4591 4592 4593
f 4588 4594 4596
f 4594 269 4595
f 4596 4595 4589
f 4594 4595 4596
f 4590 4597 4599
f 4597 4589 4598
f 4599 4598 281
f 4597 4598 4599
f 4588 4600 4602
f 4600 4589 4601
f 4602 4601 4590
f 4600 4601 4602
f 282 4606 4608
f 4606 4603 4607
f 4608 4607 4605
f 4606 4607 4608
f 4603 4609 4611
f 4609 281 4610
f 4611 4610 4604
f 4609 4610 4611
f 4605 4612 4614
f 4612 4604 4613
f 4614 4613 270
f 4612 4613 4614
f 4603 4615 4617
f 4615 4604 4616
f 4617 4616 4605
f 4615 4616 4617
f 280 4621 4623
f 4621 4618 4622
f 4623 4622 4620
f 4621 4622 4623
f 4618 4624 4626
f 4624 281 4625
f 4626 4625 4619
f 4624 4625 4626
f 4620 4627 4629
f 4627 4619 4628
f 4629 4628 282
f 4627 4628 4629
f 4618 4630 4632
f 4630 4619 4631
f 4632 4631 4620
f 4630 4631 4632
f 9 4636 4638
f 4636 4633 4637
f 4638 4637 4635
f 4636 4637 4638
f 4633 4639 4641
f 4639 286 4640
f 4641 4640 4634
f 4639 4640 4641
f 4635 4642 4644
f 4642 4634 4643
f 4644 4643 288
f 4642 4643 4644
f 4633 4645 4647
f 4645 4634 4646
f 4647 4646 4635
f 4645 4646 4647
f 286 4651 4653
f 4651 4648 4652
f 4653 4652 4650
f 4651 4652 4653
f 4648 4654 4656
f 4654 283 4655
f 4656 4655 4649
f 4654 4655 4656
f 4650 4657 4659
f 4657 4649 4658
f 4659 4658 287
f 4657 4658 4659
f 4648 4660 4662
f 4660 4649 4661
f 4662 4661 4650
f 4660 4661 4662
f 288 4666 4668
f 4666 4663 4667
f 4668 4667 4665
f 4666 4667 4668
f 4663 4669 4671
f 4669 287 4670
f 4671 4670 4664
f 4669 4670 4671
f 4665 4672 4674
f 4672 4664 4673
f 4674 4673 285
f 4672 4673 4674
f 4663 4675 4677
f 4675 4664 4676
f 4677 4676 4665
f 4675 4676 4677
f 286 4681 4683
f 4681 4678 4682
f 4683 4682 4680
f 4681 4682 4683
f 4678 4684 4686
f 4684 287 4685
f 4686 4685 4679
f 4684 4685 4686
f 4680 4687 4689
f 4687 4679 4688
f 4689 4688 288
f 4687 4688 4689
f 4678 4690 4692
f 4690 4679 4691
f 4692 4691 4680
f 4690 4691 4692
f 283 4696 4698
f 4696 4693 4697
f 4698 4697 4695
f 4696 4697 4698
f 4693 4699 4701
f 4699 289 4700
f 4701 4700 4694
f 4699 4700 4701
f 4695 4702 4704
f 4702 4694 4703
f 4704 4703 291
f 4702 4703 4704
f 4693 4705 4707
f 4705 4694 4706
f 4707 4706 4695
f 4705 4706 4707
f 289 4711 4713
f 4711 4708 4712
f 4713 4712 4710
f 4711 4712 4713
f 4708 4714 4716
f 4714 7 4715
f 4716 4715 4709
f 4714 4715 4716
f 4710 4717 4719
f 4717 4709 4718
f 4719 4718 290
f 4717 4718 4719
f 4708 4720 4722
f 4720 4709 4721
f 4722 4721 4710
f 4720 4721 4722
f 291 4726 4728
f 4726 4723 4727
f 4728 4727 4725
f 4726 4727 4728
f 4723 4729 4731
f 4729 290 4730
f 4731 4730 4724
f 4729 4730 4731
f 4725 4732 4734
f 4732 4724 4733
f 4734 4733 284
f 4732 4733 4734
f 4723 4735 4737
f 4735 4724 4736
f 4737 4736 4725
f 4735 4736 4737
f 289 4741 4743
f 4741 4738 4742
f 4743 4742 4740
f 4741 4742 4743
f 4738 4744 4746
f 4744 290 4745
f 4746 4745 4739
f 4744 4745 4746
f 4740 4747 4749
f 4747 4739 4748
f 4749 4748 291
f 4747 4748 4749
f 4738 4750 4752
f 4750 4739 4751
f 4752 4751 4740
f 4750 4751 4752
f 285 4756 4758
f 4756 4753 4757
f 4758 4757 4755
f 4756 4757 4758
f 4753 4759 4761
f 4759 292 4760
f 4761 4760 4754
f 4759 4760 4761
f 4755 4762 4764
f 4762 4754 4763
f 4764 4763 294
f 4762 4763 4764
f 4753 4765 4767
f 4765 4754 4766
f 4767 4766 4755
f 4765 4766 4767
f 292 4771 4773
f 4771 4768 4772
f 4773 4772 4770
f 4771 4772 4773
f 4768 4774 4776
f 4774 284 4775
f 4776 4775 4769
f 4774 4775 4776
f 4770 4777 4779
f 4777 4769 4778
f 4779 4778 293
f 4777 4778 4779
f 4768 4780 4782
f 4780 4769 4781
f 4782 4781 4770
f 4780 4781 4782
f 294 4786 4788
f 4786 4783 4787
f 4788 4787 4785
f 4786 4787 4788
f 4783 4789 4791
f 4789 293 4790
f 4791 4790 4784
f 4789 4790 4791
f 4785 4792 4794
f 4792 4784 4793
f 4794 4793 8
f 4792 4793 4794
f 4783 4795 4797
f 4795 4784 4796
f 4797 4796 4785
f 4795 4796 4797
f 292 4801 4803
f 4801 4798 4802
f 4803 4802 4800
f 4801 4802 4803
f 4798 4804 4806
f 4804 293 4805
f 4806 4805 4799
f 4804 4805 4806
f 4800 4807 4809
f 4807 4799 4808
f 4809 4808 294
f 4807 4808 4809
f 4798 4810 4812
f 4810 4799 4811
f 4812 4811 4800
f 4810 4811 4812
f 283 4816 4818
f 4816 4813 4817
f 4818 4817 4815
f 4816 4817 4818
f 4813 4819 4821
f 4819 295 4820
f 4821 4820 4814
f 4819 4820 4821
f 4815 4822 4824
f 4822 4814 4823
f 4824 4823 297
f 4822 4823 4824
f 4813 4825 4827
f 4825 4814 4826
f 4827 4826 4815
f 4825 4826 4827
f 295 4831 4833
f 4831 4828 4832
f 4833 4832 4830
f 4831 4832 4833
f 4828 4834 4836
f 4834 284 4835
f 4836 4835 4829
f 4834 4835 4836
f 4830 4837 4839
f 4837 4829 4838
f 4839 4838 296
f 4837 4838 4839
f 4828 4840 4842
f 4840 4829 4841
f 4842 4841 4830
f 4840 4841 4842
f 297 4846 4848
f 4846 4843 4847
f 4848 4847 4845
f 4846 4847 4848
f 4843 4849 4851
f 4849 296 4850
f 4851 4850 4844
f 4849 4850 4851
f 4845 4852 4854
f 4852 4844 4853
f 4854 4853 285
f 4852 4853 4854
f 4843 4855 4857
f 4855 4844 4856
f 4857 4856 4845
f 4855 4856 4857
f 295 4861 4863
f 4861 4858 4862
f 4863 4862 4860
f 4861 4862 4863
f 4858 4864 4866
f 4864 296 4865
f 4866 4865 4859
f 4864 4865 4866
f 4860 4867 4869
f 4867 4859 4868
f 4869 4868 297
f 4867 4868 4869
f 4858 4870 4872
f 4870 4859 4871
f 4872 4871 4860
f 4870 4871 4872
f 10 4876 4878
f 4876 4873 4877
f 4878 4877 4875
f 4876 4877 4878
f 4873 4879 4881
f 4879 301 4880
f 4881 4880 4874
f 4879 4880 4881
f 4875 4882 4884
f 4882 4874 4883
f 4884 4883 303
f 4882 4883 4884
f 4873 4885 4887
f 4885 4874 4886
f 4887 4886 4875
f 4885 4886 4887
f 301 4891 4893
f 4891 4888 4892
f 4893 4892 4890
f 4891 4892 4893
f 4888 4894 4896
f 4894 298 4895
f 4896 4895 4889
f 4894 4895 4896
f 4890 4897 4899
f 4897 4889 4898
f 4899 4898 302
f 4897 4898 4899
f 4888 4900 4902
f 4900 4889 4901
f 4902 4901 4890
f 4900 4901 4902
f 303 4906 4908
f 4906 4903 4907
f 4908 4907 4905
f 4906 4907 4908
f 4903 4909 4911
f 4909 302 4910
f 4911 4910 4904
f 4909 4910 4911
f 4905 4912 4914
f 4912 4904 4913
f 4914 4913 300
f 4912 4913 4914
f 4903 4915 4917
f 4915 4904 4916
f 4917 4916 4905
f 4915 4916 4917
f 301 4921 4923
f 4921 4918 4922
f 4923 4922 4920
f 4921 4922 4923
f 4918 4924 4926
f 4924 302 4925
f 4926 4925 4919
f 4924 4925 4926
f 4920 4927 4929
f 4927 4919 4928
f 4929 4928 303
f 4927 4928 4929
f 4918 4930 4932
f 4930 4919 4931
f 4932 4931 4920
f 4930 4931 4932
f 298 4936 4938
f 4936 4933 4937
f 4938 4937 4935
f 4936 4937 4938
f 4933 4939 4941
f 4939 304 4940
f 4941 4940 4934
f 4939 4940 4941
f 4935 4942 4944
f 4942 4934 4943
f 4944 4943 306
f 4942 4943 4944
f 4933 4945 4947
f 4945 4934 4946
f 4947 4946 4935
f 4945 4946 4947
f 304 4951 4953
f 4951 4948 4952
f 4953 4952 4950
f 4951 4952 4953
f 4948 4954 4956
f 4954 9 4955
f 4956 4955 4949
f 4954 4955 4956
f 4950 4957 4959
f 4957 4949 4958
f 4959 4958 305
f 4957 4958 4959
f 4948 4960 4962
f 4960 4949 4961
f 4962 4961 4950
f 4960 4961 4962
f 306 4966 4968
f 4966 4963 4967
f 4968 4967 4965
f 4966 4967 4968
f 4963 4969 4971
f 4969 305 4970
f 4971 4970 4964
f 4969 4970 4971
f 4965 4972 4974
f 4972 4964 4973
f 4974 4973 299
f 4972 4973 4974
f 4963 4975 4977
f 4975 4964 4976
f 4977 4976 4965
f 4975 4976 4977
f 304 4981 4983
f 4981 4978 4982
f 4983 4982 4980
f 4981 4982 4983
f 4978 4984 4986
f 4984 305 4985
f 4986 4985 4979
f 4984 4985 4986
f 4980 4987 4989
f 4987 4979 4988
f 4989 4988 306
f 4987 4988 4989
f 4978 4990 4992
f 4990 4979 4991
f 4992 4991 4980
f 4990 4991 4992
f 300 4996 4998
f 4996 4993 4997
f 4998 4997 4995
f 4996 4997 4998
f 4993 4999 5001
f 4999 307 5000
f 5001 5000 4994
f 4999 5000 5001
f 4995 5002 5004
f 5002 4994 5003
f 5004 5003 309
f 5002 5003 5004
f 4993 5005 5007
f 5005 4994 5006
f 5007 5006 4995
f 5005 5006 5007
f 307 5011 5013
f 5011 5008 5012
f 5013 5012 5010
f 5011 5012 5013
f 5008 5014 5016
f 5014 299 5015
f 5016 5015 5009
f 5014 5015 5016
f 5010 5017 5019
f 5017 5009 5018
f 5019 5018 308
f 5017 5018 5019
f 5008 5020 5022
f 5020 5009 5021
f 5022 5021 5010
f 5020 5021 5022
f 309 5026 5028
f 5026 5023 5027
f 5028 5027 5025
f 5026 5027 5028
f 5023 5029 5031
f 5029 308 5030
f 5031 5030 5024
f 5029 5030 5031
f 5025 5032 5034
f 5032 5024 5033
f 5034 5033 2
f 5032 5033 5034
f 5023 5035 5037
f 5035 5024 5036
f 5037 5036 5025
f 5035 5036 5037
f 307 5041 5043
f 5041 5038 5042
f 5043 5042 5040
f 5041 5042 5043
f 5038 5044 5046
f 5044 308 5045
f 5046 5045 5039
f 5044 5045 5046
f 5040 5047 5049
f 5047 5039 5048
f 5049 5048 309
f 5047 5048 5049
f 5038 5050 5052
f 5050 5039 5051
f 5052 5051 5040
f 5050 5051 5052
f 298 5056 5058
f 5056 5053 5057
f 5058 5057 5055
f 5056 5057 5058
f 5053 5059 5061
f 5059 310 5060
f 5061 5060 5054
f 5059 5060 5061
f 5055 5062 5064
f 5062 5054 5063
f 5064 5063 312
f 5062 5063 5064
f 5053 5065 5067
f 5065 5054 5066
f 5067 5066 5055
f 5065 5066 5067
f 310 5071 5073
f 5071 5068 5072
f 5073 5072 5070
f 5071 5072 5073
f 5068 5074 5076
f 5074 299 5075
f 5076 5075 5069
f 5074 5075 5076
f 5070 5077 5079
f 5077 5069 5078
f 5079 5078 311
f 5077 5078 5079
f 5068 5080 5082
f 5080 5069 5081
f 5082 5081 5070
f 5080 5081 5082
f 312 5086 5088
f 5086 5083 5087
f 5088 5087 5085
f 5086 5087 5088
f 5083 5089 5091
f 5089 311 5090
f 5091 5090 5084
f 5089 5090 5091
f 5085 5092 5094
f 5092 5084 5093
f 5094 5093 300
f 5092 5093 5094
f 5083 5095 5097
f 5095 5084 5096
f 5097 5096 5085
f 5095 5096 5097
f 310 5101 5103
f 5101 5098 5102
f 5103 5102 5100
f 5101 5102 5103
f 5098 5104 5106
f 5104 311 5105
f 5106 5105 5099
f 5104 5105 5106
f 5100 5107 5109
f 5107 5099 5108
f 5109 5108 312
f 5107 5108 5109
f 5098 5110 5112
f 5110 5099 5111
f 5112 5111 5100
f 5110 5111 5112
